populacao,indice_renda_per_capta,porcentagem_nivel_basico,porcentagem_sem_nivel_medio,porcentagem_com_nivel_superior,porcentagem_desempregados,porcentagem_de_roubos_a_cada_100_mil
10005,10086,13.46,33.24,14.5,8.15,323.88
10014,9106,12.71,27.6,29.64,5.68,37.69
10019,9066,21.54,40.94,11.42,8.68,153.23
10023,13246,3.65,7.89,21.17,4.38,35.83
10026,10376,23.98,49.73,8.74,11.64,370.24
10030,15128,14.96,25.05,16.09,2.36,9.13
10033,9112,25.45,46.07,3.49,8.29,67.22
10033,10354,16.01,33.47,15.48,3.75,56.75
10034,8342,6.81,13.14,44.25,6.8,9.53
10040,9729,11.14,28.09,11.72,10.06,26.66
10066,9005,12.88,29.49,16.82,12.35,165.81
10069,12320,6.58,18,16.36,06.09,28.93
10074,17316,5.78,22.53,17.99,3.2,18.94
10084,21428,4.96,14.97,36.73,4.8,962.32
10092,40584,1.52,04.07,62.14,2.86,39.2
10104,11241,10.09,24.69,15.47,12.11,19.05
10129,10034,6.54,27.29,9.56,7.93,192.17
10130,11981,10.41,25.24,12.26,5.25,19.08
10132,21549,3.84,12.67,33.71,4.82,38.67
10145,11526,8.53,23.66,13.38,08.04,9.54
10152,14147,04.04,14.44,19.07,3.65,81.89
10170,9190,8.13,17.41,36.12,4.36,14.51
10177,17940,17.12,31.91,16.47,3.91,57.52
10191,15806,6.53,21.5,18.84,5.55,9.42
10201,7989,17.41,40.75,8.97,11.85,646.84
10205,12165,07.04,26.53,9.91,5.66,8.5
10227,13514,7.99,18.98,21.38,3.6,17.71
10241,14731,11.36,21.34,14.48,4.21,28.21
10266,15313,11.03,25.29,14.33,4.46,95.17
10275,15020,03.07,12.19,26,8.97,45.9
10283,9761,11.53,25.19,30.04,7.84,54.18
10322,9559,26.95,52.39,9.22,6.47,299.15
10332,15242,6.13,20.82,16.28,4.96,71.76
10353,14172,2.62,11.55,30.52,3.57,146.39
10362,10189,9.71,22.38,13.15,4.52,9.47
10378,28696,5.74,14.88,27.58,4.36,75.19
10380,10595,15.03,34.2,13.58,7.43,9.65
10398,9884,13.52,24.6,29.54,9.79,69.73
10401,13984,11.12,23.11,18.18,8.25,120.4
10404,17028,7.23,20.85,31.07,5.49,870.43
10405,11911,15.08,37.82,8.51,8.35,249.28
10415,16531,9.61,23.43,19.86,6.65,9.22
10420,12822,18.34,34.62,13.1,6.84,163.84
10422,25409,5.68,11.35,41.55,02.03,47.2
10426,12163,13.15,33.76,12.99,3.16,98.43
10428,10511,13.15,33.01,12.64,8.24,46.94
10433,15307,3.42,15.5,18.85,2.43,12.68
10444,12564,7.88,23.12,13.14,3.74,18.13
10446,20951,7.27,17.02,29.15,3.65,28.97
10447,15315,10.18,25.13,9.94,6.95,9.32
10448,21799,6.38,14.65,40.8,4.17,350.94
10448,15275,4.49,15.44,14.46,4.53,55.9
10453,12464,10.83,25,16.09,1.93,76.94
10464,11543,15.48,38.02,15.86,8.71,162.17
10486,20529,5.83,13.65,36.96,4.58,71.67
10497,16298,12.67,28.52,20.77,6.22,9.24
10507,13742,5.11,14.19,22.41,5.82,24.91
10511,11174,22.7,40.64,12.4,8.12,94.29
10513,11784,14.76,35.01,11.45,7.56,109.19
10531,26103,1.99,6.77,49.08,4.2,18.44
10542,9397,18.7,39.06,14.77,9.13,141.42
10555,12944,8.56,19.62,15.23,5.62,77.33
10567,16201,12.84,27.73,9.28,4.13,28.47
10588,11899,10.97,28.8,15.67,4.18,511.55
10592,18111,5.22,15.03,26.43,4.14,83.86
10600,16945,6.74,18.67,22.01,4.77,46.39
10602,42951,0.63,3.55,71.2,1.61,85.92
10603,23059,5.34,13.63,39.14,2.93,27.38
10610,10474,18.77,35.28,12.06,07.07,33.44
10621,17310,6.65,17.83,23.2,3.59,149.83
10636,19091,10.96,23.97,28.04,6.12,165.95
10637,13164,09.07,21.74,20.9,6.62,170.42
10639,13889,9.47,27.44,17.3,6.97,398.19
10678,10317,18.42,38.5,9.74,7.12,9.15
10683,9053,13.62,27.47,19.7,11.22,42.65
10687,8025,12.87,33.44,09.01,12.86,215
10690,8375,18.62,38.26,21.1,9.67,15.99
10701,11723,12.14,38.35,7.55,5.25,103.86
10704,13273,16.88,25.05,14.01,3.64,8.75
10712,9291,18.01,40.25,15.17,6.76,287.88
10725,14253,7.69,20.35,21.69,6.87,17.88
10733,14935,17.83,38.64,15.3,7.65,160.03
10733,10109,31.9,43.59,14.98,5.82,41.04
10742,13945,4.55,18.18,18.58,4.72,18.31
10742,15452,10.61,26.45,21.7,6.58,214.46
10747,22482,4.66,15.38,25.46,3.93,170.93
10747,10873,13.23,30.57,12.3,5.41,26.89
10753,10048,14.37,35.59,8.71,9.34,9.23
10762,24947,2.85,08.03,39.91,2.43,17.32
10764,13424,8.18,24.27,10.88,8.18,144.69
10793,16048,9.24,22.79,16.17,3.91,126.27
10795,12153,13.96,29.44,14.25,5.6,17.01
10807,29230,1.36,3.52,61.98,2.1,19.42
10809,9089,28.2,48.48,08.07,11.51,18.58
10815,6014,46.88,59.32,7.27,13.29,59.98
10823,13290,6.93,18.96,16.12,4.62,66.39
10828,16521,14.73,30.42,15.79,08.03,28.46
10830,31664,3.41,10.09,43.21,4.11,8.59
10836,13997,11.55,25.51,16.96,5.99,126.74
10850,11637,07.01,23.74,15.61,4.31,8.94
10862,15599,6.7,18.05,20.94,4.53,09.04
10864,9041,21.83,44.05,14.28,11.23,354.36
10883,27754,1.64,06.02,53.23,2.24,26.29
10885,11168,11.48,26.85,13.33,9.67,35.89
10886,9924,19.38,35.51,10.78,9.97,67.98
10891,13206,10.47,31.06,6.18,9.78,17.87
10903,12623,4.42,14,16.2,4.73,16.54
10904,13842,9.76,27.39,20.06,8.18,244.68
10922,14227,18.74,33.85,11.63,05.01,192.82
10923,16148,6.31,14.77,15.31,3.32,33.24
10935,12014,11.18,33.24,5.64,6.4,60.51
10940,14605,7.1,20.26,15.33,3.36,8.77
10941,9558,24.08,45.68,10.86,9.28,176.32
10946,18940,2.88,12.4,26.84,4.24,162.66
10950,10113,9.34,27.85,9.35,10.38,16.68
10967,10766,17.88,34.91,15.65,9,17.7
10968,14633,8.12,23.7,17.85,3.47,7.66
10970,7801,25.54,44.6,11.27,17.4,43.93
10971,16143,5.34,15.98,17.56,05.07,8.87
10976,10246,12.7,33.09,6.3,9.13,18.43
10982,21036,12.56,25.64,21.07,4.19,43.74
10988,11602,15.15,30.9,12.48,6.44,35.79
10993,14331,6.25,15.88,21.05,2.46,42.12
11005,16930,5.46,15.64,29.42,2.91,8.47
11005,19038,5.66,20.55,15.4,3.35,92.2
11026,10566,18.36,39.42,6.47,8.17,43.53
11037,12277,15.56,35.31,15.8,4.44,245.68
11038,10570,9.82,32.4,10,6.87,640.97
11041,16652,1.61,6.8,29.74,4.34,14.95
11041,15469,4.96,17.16,16.29,7.67,96.74
11066,12644,12.08,27.01,17.73,07.02,181.44
11069,12279,10.45,36.55,5.3,11.03,16.94
11077,15611,4.65,14.33,34.1,3.52,15.32
11096,13772,5.46,11.77,56.99,5.77,26.92
11104,15056,3.42,16.79,16.18,7.25,76.22
11114,14266,2.53,9.5,34.85,3.57,164.11
11127,14710,5.48,19.1,16.87,4.74,8.76
11139,11021,13.27,33.75,15.05,7.72,200.38
11143,14616,4.37,14.45,19.28,6.97,15.1
11151,12491,5.53,15.96,14.57,3.92,38.28
11151,10230,13.12,31.03,17.82,6.84,151.06
11157,16211,10.87,23.81,18.82,4.85,24.66
11162,7635,23.94,44.84,10.82,13.93,78.28
11163,13928,10.33,26.53,16.5,4.88,370.72
11194,9752,24.59,45.4,9.82,07.05,65.1
11199,12299,8.48,22.29,17.38,6.61,51.64
11207,21610,5.78,16.3,30.35,2.8,52.65
11215,19678,6.71,18.58,21.07,6.12,57.71
11216,12785,11.85,37.57,5.39,8,229.63
11216,17783,6.2,21.19,20.36,3.44,51.95
11218,8262,28.57,49.27,04.01,8.37,309.2
11219,15576,7.44,21.3,17.76,2.2,214.79
11224,11587,7.83,22.71,13.11,10.57,17.52
11227,11256,19.77,40.08,10.47,6.1,154.47
11234,18481,5.48,16.67,29.34,4.23,62.16
11235,10965,12.99,26.49,14.51,6.5,21.86
11238,8173,32.85,52.91,10.17,14.88,84.5
11245,8483,12.15,23.06,25.28,09.08,32.04
11249,13495,12,25.29,13.57,5.32,8.9
11257,12073,9.38,23.53,12.43,3.63,51.17
11265,12032,12.48,23,15.97,4.67,8.93
11272,8780,3.16,14.94,12.98,6.41,14.47
11280,14684,0.74,5.4,35.93,2.94,54.58
11284,13605,5.78,13.91,26.83,2.91,7.82
11290,12249,15.1,30.01,13.93,4.48,26.48
11290,17471,3.3,11.47,35.25,4.13,20.55
11294,21204,6.17,17.56,27.34,3.97,101.18
11304,11483,9.78,29.14,12.54,7.86,26.08
11305,8145,21.67,41.04,9.98,12.87,58.57
11312,16975,6.87,19.9,21.92,2.27,85.53
11314,8872,12.31,36.03,6.14,17.07,385.09
11329,12818,8.55,21.93,14.26,6.74,24.87
11339,14803,5.42,12.45,18.05,04.02,14.68
11343,26855,1.99,10.3,31.13,2.95,107.53
11353,12412,7.84,26.21,12.16,7.28,50.81
11354,11451,11.96,25.5,13.06,9.29,17.62
11354,18629,4.71,18.67,21.15,4.35,33.17
11365,27154,5.17,11.45,41.85,4.13,153.94
11389,8900,21.4,41.9,6.41,9.57,89.26
11414,10678,15.69,32.07,14.23,4.36,84.38
11427,24281,4.41,12.49,30.49,3.46,8.74
11432,15795,4.83,15.77,18.98,3.15,26.49
11439,29773,4.91,9.49,48.6,2.71,24.78
11451,12444,8.78,24.91,12.28,10.77,41.91
11452,15866,5.43,16.17,20.29,2.84,44.97
11472,10197,25.14,40.17,11.44,7.44,40.49
11475,13836,6.47,22.93,14.11,5.33,42.25
11482,18182,2.92,10.14,25.7,3.36,22.38
11488,21339,6.18,20.42,22.04,4.58,67.91
11492,6786,14.04,39.3,07.01,8.83,8.2
11500,12078,0.2,5.85,32.44,5.32,35.49
11511,17355,4.83,14.9,16.83,5.94,50.73
11514,11006,19.15,39.18,9.78,7.47,102.08
11523,13863,12.78,19.62,16.51,3.23,7.89
11530,11822,6.97,16.26,42.9,4.87,149.77
11532,32427,5.78,12.06,46.78,2.67,16.58
11538,22546,6.25,15.65,34.53,2.97,33.47
11553,12604,3.41,11.13,56.72,4.87,221.33
11587,16273,3.88,11.61,28.41,2.67,22.8
11590,29397,3.77,11.44,46.09,2.15,75.56
11591,8539,15.74,35.93,15.95,10.95,244.74
11604,17272,2.53,12.96,21.08,4.31,8.39
11618,11065,9.6,20.68,11.47,7.52,08.03
11628,28763,2.15,8.86,55.62,1.78,34.36
11631,17438,5.18,14.97,15.62,05.09,33.36
11632,17804,9.36,21.7,24.47,5.46,106.07
11643,9157,19.14,40.41,15.11,12.39,209.85
11656,12820,08.02,23.14,15.25,5.63,41
11657,12563,9.35,24.39,13.01,4.44,22.83
11663,19255,1.77,9.45,32.89,2.29,15.21
11671,62376,1.46,4.27,58.51,3.36,49.06
11676,19361,05.09,14.1,29.3,4.24,149.09
11683,8878,22.55,46.34,8.19,13.21,268.8
11706,13802,7.92,29.39,7.91,04.01,97.21
11708,13698,08.09,21.56,21.51,3.64,30.79
11712,17626,3.44,12.09,30.06,3.84,51.37
11714,16915,2.84,8.27,46.51,3.2,154.55
11727,13842,8.91,27.71,15.37,5.79,296.74
11732,20654,1.4,4.18,41.25,03.03,6.55
11739,15018,8.37,18.38,12,4.65,45.56
11751,11797,9.31,26.99,09.09,4.43,72.98
11766,10580,6.61,19.23,19.54,7.41,23.2
11768,29971,2.44,8.97,40.45,2.72,25.07
11795,16547,5.3,15.78,24.17,5.43,33.57
11796,16029,4.25,18.87,21.44,04.05,23.82
11804,9531,10.62,38.79,5.26,12.8,137.4
11804,16502,5.57,20.04,15.76,4.21,381.93
11818,25356,2.5,9.43,41.57,3.78,7.94
11820,10718,9.99,27.43,8.56,10.15,136.6
11822,16610,10.27,25.33,13.76,3.73,8.25
11824,12172,17.3,35.53,7.13,8.72,8.6
11838,10906,18.04,40.87,10.8,3.72,7.78
11865,26163,2.78,10.16,44.18,04.07,8.4
11874,15982,4.32,15.18,19.28,4.77,547.39
11880,12062,19.45,41.92,08.06,6.16,73.77
11886,9631,8.54,26.28,13.24,7.12,129.5
11929,22795,2.43,10.11,42.17,4.57,08.05
11936,16125,8.27,22.5,16.82,4.98,242.57
11938,13736,7.98,21.56,21.13,6.84,50.93
11949,10658,7.63,23.1,14.09,7.84,16.91
11951,14915,6.54,19.81,19.93,5.59,7.74
11952,10329,20.26,35.7,15.58,4.7,78.2
11961,11994,12.32,30.95,9.97,10.34,50.6
11967,9210,19.73,41.2,11.11,8.51,73.75
11980,29711,5.81,9.9,48.18,2.7,8.2
11980,15334,5.43,19.78,25.12,5.26,198.12
11982,11954,11.74,21.81,10.72,05.09,16.66
11992,10674,25.33,43.22,8.59,6.59,40.13
11997,15711,5.66,16.76,22.67,03.05,114.74
11999,16904,12.74,27.54,18.99,2.34,65.55
12001,9613,19.94,39.1,12.19,5.61,100.38
12016,21551,07.05,11.6,66.02,3.21,33.55
12023,11851,14.07,22.2,23.36,4.37,24.38
12035,14086,19.62,39.17,14.2,5.73,80.4
12038,13984,10.78,27.44,14.56,4.9,33.89
12053,23052,6.71,16.78,31.32,3.13,65.4
12054,10286,22.98,40.15,17.39,9.34,78.4
12060,13031,9.5,22.83,13.96,5.16,284.77
12066,21912,3.23,10.6,36.21,5.21,8
12069,7548,35.19,52.26,7.64,13.32,33.66
12084,17523,3.39,12.2,21.82,3.1,20.34
12101,10644,9.38,26.71,10.69,6.94,62.29
12105,14031,2.66,12.8,25.16,4.63,37.7
12123,23359,2.75,9.8,34.74,3.72,163.24
12127,11170,10.91,31.91,10.07,6.72,08.09
12131,14234,4.84,24.44,12.75,5.8,67.34
12133,14692,9.96,29.71,12.8,2.28,23.56
12135,9023,36.03,59.06,5.46,11.48,1095.18
12142,11554,6.56,26.3,9.82,7.89,39.38
12169,17671,2.24,10.18,26.83,3.88,08.08
12174,62482,0.41,1.46,79.18,1.55,23.84
12179,21465,3.75,12.21,35.98,2.8,24.22
12180,9781,15.78,43.45,3.27,15.73,310.29
12183,11668,18.32,38.79,15.26,6.23,214.17
12197,21818,04.06,12.41,40.79,02.09,24.18
12199,16819,11.01,28.15,15.09,7.2,107.84
12200,9834,11.26,28.75,17.11,8.52,632.71
12208,15640,18.92,34.16,14.86,4.66,56.57
12220,10626,1.7,9.1,22.85,3.21,17.35
12236,18319,6.98,13.33,30.66,1.79,58.37
12251,9995,12.51,27.71,19.28,7.9,8.27
12257,7554,13.67,27.97,27.59,16.51,147.06
12267,10815,16.88,38.75,9.62,7.49,49.99
12286,20518,5.61,13.97,31.53,03.09,78.98
12291,10161,16.53,37.76,13.67,4.15,60.94
12304,38831,3.29,7.57,55.89,1.79,73.92
12322,13662,7.97,24.1,17.99,4.97,83.33
12324,11809,9.21,23.91,11.56,11.6,249.19
12339,17063,7.3,21.79,16.85,4.43,16.54
12340,11004,10.08,26.9,13.74,4.48,8.13
12345,17764,2.41,10.01,27.18,3.3,75.42
12353,10180,14.38,26.87,13.79,8.38,36.6
12358,17593,7.74,22.67,16.3,4.62,32.33
12361,18146,2.74,7.72,42.86,3.24,11.21
12361,8465,5.15,16.94,29.81,08.07,14.58
12361,20597,4.13,10.4,41.26,3.47,37.55
12362,11327,15.26,24.12,18.84,4.36,7.93
12363,9997,8.65,21.66,10.49,9.88,119.84
12381,11677,8.52,22.95,9.99,6.24,31.77
12385,17363,15.25,29.51,27.55,8.2,233.23
12388,11458,15.8,28.61,14.12,3.9,43.16
12403,21387,2.15,6.44,44.02,03.06,23.78
12408,15387,1.84,7.5,14.35,4.97,12.62
12420,10334,14.58,33.09,16.06,7.91,30.4
12430,11447,5.4,15.88,31.31,6.45,63.84
12450,10729,10.79,28.95,8.19,11.85,437.33
12454,19507,8.4,21.54,21.32,4.59,15.9
12454,15924,8.68,22.02,15.22,4.56,78.45
12456,11772,10.27,26.15,15.47,5.19,152.45
12476,9359,19.11,37.61,12.59,8.72,70.4
12481,18531,6.39,13.67,32.04,5.77,7.93
12482,12798,08.08,25.86,11.78,06.08,87.97
12490,9661,13.58,36.98,14.22,10.18,293.79
12518,17849,4.72,11.9,28.96,4.54,15.84
12520,10760,13.95,34.23,17.7,4.75,136.21
12541,15171,2.88,12.18,18.05,4.93,30.51
12551,21223,2.66,9.53,40.05,3.98,7.22
12557,26241,3.11,7.55,46.14,05.03,7.73
12563,25883,4.76,10.34,42.97,3.83,7.88
12567,17231,04.04,17.2,22.09,4.72,14.55
12588,14337,7.74,25.45,16.18,6.67,22.87
12603,14281,10.6,32.12,8.25,5.28,16.2
12603,7355,7.68,17.72,31.01,11.35,71.17
12635,21748,3.16,12.08,34.36,4,23.12
12636,15366,10.2,28.14,14.28,03.05,62.25
12649,12256,12.78,36.6,6.44,5.92,56.32
12652,5586,43.86,59.01,8.54,18.14,54.24
12687,10166,11.46,25.18,13.7,9.17,41.82
12694,5237,44.5,58.05,7.6,17.42,41.06
12697,11216,12.41,37.21,6.79,5.71,7.67
12703,10964,13.43,20.81,20.51,2.18,21.81
12711,12900,04.09,16.84,15.71,5.29,14.77
12711,10659,17.13,33.6,15.18,5.42,15.97
12724,31967,2.33,6.98,45.54,3.12,5.29
12727,11034,15.8,25.73,13.05,6.85,7.42
12743,8354,34.36,50.72,8.98,14.95,73.42
12747,12703,7.23,24.24,9.21,8.32,53.45
12756,13149,12.26,29.67,17.34,5.75,110.81
12765,9367,19.56,39.11,13.46,8.82,93.85
12767,17698,3.18,14.15,26.46,4.84,30.4
12778,11608,10.92,28.86,9.57,5.19,72.33
12804,23174,5.65,14.54,37.58,3.14,91.78
12805,19197,7.1,21.14,22.81,5.37,69.37
12809,20125,2.98,8.97,39.12,2.46,30.57
12818,5622,21.21,52.61,3.29,28.94,1206.73
12822,6619,36.43,51.9,9.47,19.22,35.15
12823,9334,14.32,31.14,23.89,10.5,30.04
12828,12211,7.73,22.88,10.41,7.56,7.59
12830,26860,4.11,11.01,43.07,3.18,123.17
12839,10475,14.83,31.36,14.2,8.52,39.4
12841,12288,3.54,12.4,27.1,4.37,66
12844,20888,6.68,14.61,28.81,3.62,7.52
12849,5740,42.31,61.8,6.31,12.26,22.15
12863,11732,9.53,27.71,11.15,07.03,54.04
12915,8725,9.47,21.37,43.42,7.7,7.16
12922,10517,13.51,28.02,14.69,07.05,135.23
12929,11331,8.95,28.49,12.42,10.35,84.72
12942,14994,7.92,21.33,20.53,2.54,7.6
12959,49537,1.51,4.77,61.5,2.81,125.22
12967,11829,10.27,29.99,15.84,7.37,110.84
12974,15171,4.84,15.38,17.92,5.84,36.37
12996,19408,3.9,15.75,25.25,2.81,7.6
12996,24590,1.81,7.1,42.82,2.78,7.42
13020,14948,4.23,15.41,19.78,4.35,30.46
13024,13006,13.67,39.4,11.76,8.89,989.26
13030,12319,10.43,24.22,11.19,4.57,15.04
13038,36057,1.37,3.62,59.33,2.76,75.44
13051,9400,15.64,32.68,22.56,7.55,35.45
13055,18834,8.1,21.56,20.04,3.79,29.78
13057,15369,2.45,9.36,28.89,5.23,64.78
13057,18251,4.48,11.12,44.09,3.2,194.3
13068,14148,9.51,24.82,21.93,3.73,129.99
13083,18058,3.62,15.53,21.92,3.55,14.88
13086,11413,7.77,20.89,18.81,4.35,20.15
13087,13041,7.93,25.29,12.56,5.96,118.05
13088,28698,0.98,4.76,58.28,2.61,245.48
13092,16242,5,14.56,17.67,2.57,113.24
13116,14969,3.3,11.94,33.41,5.14,20.93
13131,11585,12.58,23.6,17.45,5.88,15.62
13142,9860,11.66,28.99,13.82,9,51.91
13142,19100,7.26,22.09,24.04,2.32,41.46
13145,10712,21.41,40.53,12.48,9.29,124.99
13176,7265,15.89,43.85,4.55,18.28,475.35
13176,13937,7.11,20.26,15.72,2.83,61.93
13178,17182,4.68,18.14,23.04,4.38,96.38
13187,18645,10.36,21.66,27.84,3.31,52.19
13198,39767,3.31,5.24,73.63,3.58,7.37
13220,11056,17.12,37.64,15.52,7.44,86.74
13222,15328,8.89,21.36,17.01,5.35,21.78
13228,27262,02.04,6.7,47.02,3.75,20.56
13229,23280,05.07,11.77,43.62,2,14.86
13241,10276,6.65,27.14,6.4,10.91,15.07
13243,13541,12.85,29.68,15.87,7.29,162.9
13268,15394,8.87,22.84,19.37,6.54,614.46
13279,20977,5.94,15.25,48.52,5.21,38.58
13280,11681,9.48,25.2,15.21,5.27,12.77
13289,17436,3.59,7.56,42.18,02.06,48.06
13296,19070,8.18,22.79,19.2,5.56,50.43
13316,14307,5.48,17.39,20.93,4.33,131.15
13324,18980,4.81,16.07,27.19,02.03,29.52
13325,14628,7.71,27.82,12.48,6.23,7.29
13326,36455,3.5,8.76,55.5,2.69,22.46
13334,14112,3.58,14.64,19.89,9.73,196.35
13352,14243,8.16,25.83,13.65,5.41,96.04
13364,8270,18.56,42.24,5.43,12.35,86.57
13364,7399,19.9,38.35,12.49,15.94,288.7
13367,12559,17.86,34.83,17,4.42,38.41
13367,17037,4.96,15.31,24.53,4.41,43.71
13371,14159,10.5,26.99,16.45,7.65,7.18
13383,14783,7.48,23.02,10.44,4.41,76.06
13400,24479,4.52,13.03,35.45,2.68,7.29
13404,9302,20.1,36.64,8.55,5.64,154.92
13420,27006,6.3,15.47,35.28,3.55,36.61
13425,13763,22.09,42.64,15.25,7.53,249.24
13441,8202,11.77,31.18,9.5,10.72,139.11
13443,8960,3.15,11.25,26.79,5.83,6.21
13476,8852,1.52,13.93,20.49,5.59,14.1
13496,11227,10.99,30.67,10.33,9.53,15.09
13502,10802,8.74,23.7,27.65,7.18,20.72
13532,11429,21.89,38,17.04,09.06,42.02
13547,9573,12.93,19.79,30.23,7.56,13.29
13547,8100,24.37,39.63,12.4,12.12,54.98
13553,12641,14.03,35.13,16.93,5.48,143.26
13559,10759,9.86,24.3,20.43,6.16,50.65
13584,11341,6.8,23.5,13.68,5.83,20.84
13597,27183,2.81,10.5,42.01,2.54,57.89
13603,10467,15.65,35.12,10.29,5.21,66.46
13645,14422,6.53,17.43,22.6,4.83,89.2
13647,11864,9.55,29.64,11.21,05.03,110.96
13650,25576,2.21,8.37,43.78,4.36,27.67
13658,16608,4.23,12.77,21.7,2.6,30.56
13683,20231,3.44,9.95,29.93,2.9,20.86
13692,16186,20.43,35.42,13.1,5.74,28.72
13700,18029,6.19,21.15,15.56,5.82,43.26
13739,9890,13.22,28.93,23.47,9.46,594.42
13747,15615,10.23,23.73,22.6,3.75,51
13786,12130,15.57,32.53,14.88,4.66,61.12
13790,18341,10.85,26.69,16.56,4.71,56.4
13794,15745,8.86,23.91,9.87,3.62,28.33
13798,10272,14.39,24.49,15.45,4.67,7.1
13800,17679,5.91,14.77,26.1,4.16,99.36
13812,25054,3.21,11.87,36.01,2.73,13.98
13817,12219,10.44,30.4,11.33,5.94,21
13842,24462,2.73,7.59,48.93,2.69,160.6
13852,15525,15.41,31.08,18.72,7.45,6.85
13864,15811,7.69,23.61,24.42,5.13,403.12
13864,15436,2.21,11.64,25.33,8.65,20.41
13874,31122,1.23,3.63,66.98,2.74,137.44
13874,15892,4.21,17.33,15.84,4.14,55.8
13882,15627,7.65,19.58,16.17,4.39,28.45
13882,16021,7.1,12.68,28.82,2.8,12.42
13883,10459,18.52,38.51,10.94,6.75,41.18
13887,11090,3.44,22.66,11.22,10.08,6.61
13899,14846,8.6,21.95,12.58,5.67,84.73
13899,10343,11.66,37.09,3.91,7.58,125.82
13937,34204,2.96,7.26,52.37,02.09,21.5
13950,9512,2.54,14.49,19.34,4.52,18.61
13954,9773,7.64,20.13,30.81,5.3,15.35
13983,8254,25.43,46.75,11.22,11.14,150.92
13986,11166,17.07,35.18,13.62,6.83,6.76
13989,10172,12.6,29.22,10.18,11.19,93.69
14044,11294,10.26,32.74,8.24,5.97,104.43
14049,10458,24.88,44.71,10.09,6.23,81.63
14061,22884,9.55,26.13,24.07,3.87,103.57
14062,10443,13.14,36.28,12.31,7.88,114.8
14073,11563,14.44,32.13,16.72,8.38,133.6
14088,18677,9.28,17.23,35.24,2.57,368.14
14090,10247,11.83,23.16,28.32,6.71,13.42
14096,11520,11.58,28.76,16.82,7.44,34.63
14113,24277,03.02,9.47,41.24,4.14,6.98
14116,22615,3.24,8.19,53.98,2.78,102.71
14120,12466,9.78,27.01,12.18,9.79,106.23
14133,20922,3.83,9.35,39.65,4.41,13.58
14143,11126,9.59,24.81,17.44,6.81,42.13
14167,19370,3.65,12.43,36.62,2.64,13.88
14192,12012,18.45,41.63,11.72,5.11,248.26
14203,12112,12.15,29.5,13.03,8.17,12.18
14207,8462,28.32,51.75,04.08,8.2,139.94
14213,27799,1.42,3.84,59.22,3.39,40.52
14215,11064,13.76,34.07,18.55,7.35,327.1
14256,10527,15.3,32.93,12.1,6.56,90.1
14272,27040,1.31,4.46,61.25,1.96,21.16
14280,8232,17.76,38.45,9.72,14.82,246.54
14288,18031,8.73,20.88,18.61,4.71,6.91
14292,8854,17.9,35.87,14.85,8.38,201.43
14312,16023,13.46,29.53,19.05,5.39,34.29
14358,33441,1.24,04.03,63.25,2.65,6.72
14363,12935,12.45,31.09,7.3,7.86,27.54
14369,15169,10.58,24.42,14.7,3.26,82.11
14378,16583,4.22,16.06,19.4,5.14,39.41
14396,15352,5.62,15.58,19.29,4.55,133.97
14399,13856,17.68,34.12,11.63,3.35,40.1
14427,16529,6.32,16.88,25.62,2.65,15.11
14439,9771,13.01,24.76,27.11,6.93,20.82
14451,17917,4.25,13.26,29.31,4.11,07.09
14467,24417,3.24,7.86,38.97,3.39,13.59
14475,11164,12.27,29.52,14.83,6.93,278.33
14490,17229,5.96,13.83,26.47,2.95,6.73
14507,15356,8.2,20.25,23.29,04.06,28.93
14510,22124,4.85,14.01,36.07,2.34,6.78
14514,10915,7.74,15.48,35.68,03.05,6.21
14519,11345,18.32,36.97,12.11,10.21,105.4
14536,17995,10.5,22.03,26.55,5.45,52.63
14544,16531,2.4,12.83,21.9,7.29,25.86
14548,14405,5.45,14.97,28.11,3.93,33.89
14558,14181,6.91,23.47,11.79,4.41,28.89
14579,15338,7.85,15.12,33.78,4.28,45.95
14583,19389,4.97,14.58,27.88,4.1,147.39
14589,15527,4.78,15.31,21.12,4.38,35.59
14599,11533,7.54,23.71,13.94,7.2,102.5
14621,15039,6.9,18.3,20.3,5.66,27.07
14629,20422,7.57,19.18,23.56,04.08,46.64
14637,18329,2.55,10,27.12,4.97,6.63
14658,13906,4.98,16.66,25.78,6.83,78.39
14669,11889,16.77,38.97,15.76,8.57,435.68
14698,12106,6.13,19.12,12.76,3.41,97.65
14716,11356,13.34,33.43,12.03,6.16,335.02
14729,8156,34.76,48.56,12.46,13.57,37.72
14731,12247,8.78,26.39,11.71,7.78,6.55
14732,13645,7.82,22.15,24.38,2.83,11.49
14745,8977,25.43,43.25,11.48,7.7,59.48
14748,18909,3.98,12.34,29.85,4.13,73.53
14757,8175,27.77,46.07,8.91,17.23,181.83
14771,13547,11.19,30.12,11.83,7.94,19.84
14790,18705,3.26,9.16,47,4.65,97.77
14804,11859,11.42,29.25,15.82,5.21,54.79
14837,18400,05.07,17.21,26.25,2.28,161.71
14842,12048,12.93,26.71,23.17,5.26,27.89
14852,23729,4.44,10.16,45.16,2.5,25.08
14865,9714,23.43,45.64,13.36,7.72,318.07
14869,22647,1.33,5.95,54.76,2.57,66.18
14870,9017,15.47,37.38,11.25,9.68,20.1
14870,15576,5.23,17.19,20.49,5.36,65.01
14877,15869,5.39,19,19.52,6.41,19.58
14903,11457,12.38,33.58,13.66,7.76,324.66
14903,16920,7.82,22.85,17.18,4.24,299.82
14904,19743,2.45,7.58,48.97,2.92,34.31
14917,11713,16.55,39.6,14.21,4.75,72.29
14936,46038,2.89,9.91,51.24,2.55,13.35
14939,11761,17.47,39.42,12.49,6.66,210.9
14967,16348,6.84,15.17,23.44,2.87,80.38
14979,9531,16.63,35.44,9.96,7.38,17.54
14985,16986,3.47,12.82,37.07,5.3,6.7
14988,10377,13.83,33.47,18.06,9.5,98.37
15004,15062,6.81,21.62,14.04,2.91,117.95
15004,12045,16.4,31.37,17.22,04.01,22.59
15023,13807,6.52,20.96,20.38,5.84,88.65
15026,11646,10.27,24.71,19.77,6.82,52.55
15066,15138,9.46,25.93,18.95,3.76,89.29
15076,11240,7.53,23.06,13.82,9.82,85.11
15080,16176,6.68,19.5,20.47,3.4,39.12
15085,12845,18.01,35.02,18.81,04.05,124.46
15115,15344,15.09,32.23,14.06,7.19,61.76
15116,14636,6.31,15.93,28.71,4.19,12.67
15124,17693,4.42,12.19,28.31,4.5,61.85
15128,19096,3.31,10.83,29.54,2.38,33.92
15134,13161,11.66,21.86,15.23,4.52,25.17
15157,24516,1.95,6.87,42.62,3.85,6.45
15180,11454,13.16,28.18,21.71,5.51,21.86
15181,14405,9,19.37,20.74,5.98,19.48
15195,13137,16.94,35.79,16.24,5.31,116.75
15197,10676,4.66,14.28,36.89,9.44,38.64
15216,15464,2.64,9.45,16.84,5.2,14.86
15223,23583,03.04,9.6,32.49,3.32,210.69
15238,11034,20.61,42.28,8.87,4.86,118.11
15244,9490,6.95,16,35.13,8.12,71.5
15254,18304,05.07,16.98,24,2.17,25.78
15280,12195,7.82,24.58,9.55,5.34,115.76
15289,15535,6.37,17.6,26.62,3.63,187.16
15302,10383,8.54,27.43,5.57,9.63,50.88
15324,15992,5.9,17.59,20.23,3.96,150.67
15337,11025,08.08,28.14,08.06,4.13,21.8
15346,12589,7.49,24.95,14.8,5.44,108.45
15351,16134,5.83,18.08,25.47,3.62,101.92
15372,33124,4.54,9.95,45.5,2.25,18.85
15392,19337,3.34,11.15,31.52,2.5,99.45
15403,13083,9.54,25.96,18.84,4.21,40.37
15411,15100,12.11,26.72,18.71,4.6,98.5
15414,10161,11.13,27.8,9.97,7.84,150.98
15440,14482,7.84,18.63,16.75,5.18,12.1
15464,12724,23.35,43.5,13.42,6.62,574.53
15467,29244,2.1,5.98,51.96,3.51,6.29
15472,10647,09.02,29.35,6.79,5.53,83.27
15489,17412,1.5,7.93,33.6,4.36,18.27
15512,20399,3.36,13.72,26.62,4.64,92.72
15517,24141,02.02,6.31,51.19,4.59,12.51
15520,11196,14.36,40.94,07.06,8.61,788.08
15527,19066,1.19,6.43,35.61,3.54,10.55
15535,12121,14.93,34.99,7.21,06.09,306.73
15550,10868,16.78,38.44,8.11,10.84,5.97
15561,16162,2.4,10.81,21.16,4.63,106.99
15568,19940,4.45,13,35.58,3.23,6.32
15571,11401,15.87,24.31,19.23,3.94,19.43
15600,29785,4.36,11.91,38.37,4.7,18.57
15607,14506,06.09,18.02,19.99,5.24,56.26
15614,12684,8.39,24,21.74,8.11,131.62
15616,24637,3.8,10.04,42.03,2.46,6.26
15624,15018,5.87,17.23,21.89,3.4,41.07
15644,11819,3.87,15.92,22.23,07.05,5.89
15648,17668,2.52,7.34,37.44,1.9,34.92
15655,10912,21.8,43.91,11.92,7.91,447.33
15675,11781,12.89,30.94,12.41,7.4,32.9
15698,11612,8.41,23.23,9.77,8.37,53.87
15714,10162,11.04,27.26,11.04,7.39,17.73
15718,14640,6.45,20.44,22.69,5.68,23.65
15722,11736,13.79,34.35,11.85,6.92,112.72
15743,14824,8.47,22.98,17.39,7.74,25.89
15745,13301,5.79,23.01,12.44,9.34,436.49
15757,12236,12.66,33.88,8.82,6.47,25.11
15791,8791,31.51,46.11,10.39,15.46,82.51
15799,10832,19.51,37.65,11.36,6.17,35.83
15820,10491,12.72,29.43,23.32,8.39,62.69
15849,24965,2.91,11.13,46.4,3.98,31.69
15850,28597,6.1,12.51,49.26,3.51,25.25
15854,9178,13.55,30.65,26.7,7.5,101.77
15915,11102,19.3,42.61,9.83,4.6,233.55
15940,9704,11.84,24.56,29.06,06.07,18.81
15945,13570,7.78,17.69,21.02,5.87,42.17
15979,13303,5.45,17.79,16.17,2.84,31.44
15989,41249,2.29,5.34,62.17,3.83,12.32
15990,19643,7.21,18.46,25.49,5.73,18.62
16021,30761,2.23,6,65.87,2.85,42.51
16023,15534,04.07,14.21,21.25,5.39,105.48
16027,12545,11.31,33.85,12.21,8.58,530.27
16029,11647,17.3,35.69,20.73,7.5,131.45
16064,15639,8.71,22.19,16.69,3.93,90.3
16064,14962,04.06,13.5,22.36,6.19,41.1
16113,12339,5.75,23.97,11.33,6.25,32.48
16116,30643,05.08,12.1,45.01,03.03,48.5
16117,19533,3.76,10.76,35.8,3.63,72.27
16121,13266,7.46,21.1,13.37,4.97,25.4
16127,11070,14.65,35.05,14.58,06.03,187.14
16139,19314,5.19,12.22,37.87,2.42,55.5
16162,13742,18.52,37.05,15.82,5.68,137.7
16169,8990,27.72,42.85,9.37,11.09,107.61
16189,22036,8.68,21.61,32.43,05.03,291.07
16192,14248,5.17,15.74,13.87,3.85,17.4
16196,14624,12.82,33.22,13.36,6.53,23.71
16200,11749,18.7,32.58,14.92,9.11,68.39
16202,17574,7.61,17.31,28.55,2.11,20.02
16210,9361,16.5,39.28,7.75,8.24,96.05
16234,12898,03.04,9.95,42.71,6.19,63.76
16270,9723,9.93,15.55,34.66,3.91,11.47
16312,11005,18.2,36.91,16.75,8.37,300.63
16317,11400,25.26,44.8,11.96,7.35,111.1
16322,11545,7.52,24.5,11.28,12.21,29.92
16327,18158,2.94,8.15,55.47,2.96,247.63
16362,12533,16.42,34.52,15.32,3.91,250.17
16366,30737,0.57,02.09,58.44,1.32,36.61
16367,20168,1.96,7.91,36.54,2.64,26.46
16370,10560,13.4,34.63,11.75,09.04,33.84
16376,14770,5.27,12.1,18.08,3.59,28.72
16389,11390,07.03,25.58,12.37,5.14,35.1
16390,30465,3.25,9.98,53.09,3.64,492.26
16392,27417,0.72,4.95,54.34,3.1,9.27
16392,21878,2.96,9.51,39.26,5.41,5.88
16410,9009,20.25,43.86,11.17,8.17,301.15
16425,17659,7.25,18.25,20.88,2.87,23.94
16433,8937,15.03,37.67,10.36,9.38,552.76
16444,19266,2.42,7.82,39.7,2.92,144.54
16466,8651,13.8,39.44,3.37,10.59,176.27
16491,10590,8.87,27.12,18.94,7.43,463.75
16512,9257,17.43,37.86,17.47,10.62,135.07
16513,13686,06.09,19.02,12.46,4.93,81.62
16534,17106,05.02,13.06,26.02,2.2,44.05
16543,14501,5.99,20.63,18.03,6.83,138.51
16554,21918,5.45,14.72,31.9,2.38,36.21
16565,11816,09.02,26.57,12.41,10.96,116.76
16581,11672,18.6,40.25,12.41,6.12,259.63
16603,11523,11.34,30.52,12.13,7.2,18.04
16609,7371,17.18,32.7,22.05,14.52,207.51
16642,40558,0.62,2.95,66.02,2.98,34.28
16656,10810,11.05,33.68,10.81,9.86,57.86
16685,16342,05.02,16.6,25.56,3.37,40.66
16761,12606,13.96,26.24,21.59,5.45,38.84
16786,22156,1.89,6.75,39.95,4.75,5.6
16787,19974,6.6,17.63,22.86,4.18,41.66
16797,10963,17.15,31.84,12.11,9.86,12.85
16799,11267,11.2,31.25,13.53,11.82,956.27
16812,10268,9.27,29.84,6.83,9.68,11.75
16825,12406,15.34,33.74,10.12,7.11,18.93
16829,18948,3.93,9.73,34.73,4.37,40.58
16839,8461,34.08,50.77,6.69,15.72,44.37
16848,14479,8.27,24.64,21.32,4.29,64.54
16849,14872,2.4,8.53,19.09,3.64,24.1
16857,17899,5.94,13.7,34.67,5.48,11.65
16881,22512,1.79,5.29,46.99,2.28,04.02
16896,21441,04.04,10.87,36.09,4.25,23.32
16901,12954,14.75,33.7,20.39,06.03,37.13
16919,20808,7.94,19.73,26.56,5,41.57
16922,19940,6.2,19.28,23.32,3.96,29.45
16925,11946,11.29,35.51,7.38,6.32,520.65
16946,11397,07.03,21.68,17.91,8.14,41.16
16960,15487,3.45,16.57,20.53,5.12,66.05
16996,9100,21.98,41.94,11.8,8.52,108.71
17032,11346,07.09,23.31,15.61,7.28,166.97
17038,19544,5.85,17.15,28.03,5.16,56.1
17076,15169,5.18,18.18,23.64,4.18,105.32
17084,19342,10.55,22.97,22.52,3.95,27.52
17085,11563,13.28,26.2,15.95,4.26,44.3
17118,18380,6.29,16.84,29.72,03.05,11.49
17140,13022,7.32,19.53,14.37,5.2,99.8
17173,12002,12.33,25.49,22.24,7.63,18.47
17176,11252,4.32,12.44,17.41,5.35,5.26
17187,19349,7.41,18.96,20.95,04.09,11.46
17192,14148,7.6,17.45,16.42,5.6,35.62
17208,8836,18.11,39.82,7.97,11.14,640.77
17215,11964,8.72,26.26,11.07,5.64,61.02
17283,16778,3.91,13.79,19.9,4.22,203.97
17301,20421,2.76,8.31,37.73,4.44,28.03
17313,23917,2.26,10.94,39.06,3.19,16.87
17336,16075,7.97,20.56,40.51,5.77,532.15
17350,20310,5.71,19.48,23.51,7.16,135.77
17363,10893,13.04,30.14,15.99,5.41,434.57
17366,12642,10.44,26.91,23.13,06.07,147.12
17384,13221,12.56,26.53,20.47,6.59,56.85
17392,17207,8.24,23.93,16.74,4.76,28.72
17400,15365,7.65,16.78,42.32,4.72,161.55
17406,9710,13.37,35.63,5.85,5.17,186.34
17457,11204,15.97,34.89,18.42,6.6,218.39
17460,18000,3.79,14.57,20.42,4.48,334.29
17488,11607,7.68,23.86,14,9.34,137.25
17531,11481,15.82,24.73,16.66,5.23,37.49
17541,20528,5.13,13.56,32.18,5.14,16.85
17592,10660,14.04,23.65,14.08,5.53,21.91
17623,17910,14.86,32.3,15,05.05,78.2
17625,14716,8.35,20.07,18.13,5.17,3.78
17635,13671,2.38,11.26,17.9,5.31,15.86
17637,8940,24.71,53.08,5.65,9.85,158.91
17647,13486,6.56,18.19,17.65,5.91,85.63
17648,11267,8.68,26.83,10.41,10.08,87.85
17651,17275,4.44,16.39,20.63,6.12,27.32
17655,15030,16.38,30.13,21.2,6.26,5.37
17655,17445,6.92,18.89,29.14,2.82,19.77
17668,16936,3.49,12.12,38.51,3.78,236.86
17710,12919,5.96,20.41,14.37,7.46,78.04
17715,26992,2.55,8.42,44.58,2.21,56.67
17728,15609,6.52,17.03,20.94,5.35,21.99
17737,10936,09.09,24.67,15.75,9.39,130.47
17753,10160,16.46,36.54,7.94,11.23,31.78
17779,17245,6.65,18.65,23.32,03.04,507.5
17790,20579,07.01,16.92,32.44,4.17,28.07
17825,19810,05.05,12.9,25.01,2.94,5.42
17834,13678,9.31,23.03,14.92,4.12,49.45
17837,8809,13.53,35.31,10.42,15.88,198.21
17864,52692,1.83,5.11,62.6,2.77,11.03
17866,9292,4.64,13.48,10.08,3.28,115.29
17885,14978,13.78,31.82,24.89,05.04,236.44
17894,12434,7.67,19.31,19.17,4.83,72.63
17905,27731,4.63,10.36,43.34,3.98,37.45
17906,13557,8.74,25.82,15.15,6.91,162.61
17916,14652,5.58,17.63,13.22,4.13,69.49
17930,19537,7.38,18.15,22.31,4.4,72.83
17987,13127,12.9,29.94,10.78,6.31,129.91
18004,10050,12.73,31.64,13.94,9.47,38.33
18041,13082,6.38,19.48,31.7,5.7,153.46
18042,10087,12.27,28.73,14.2,6.87,182.36
18045,18695,8.52,23.89,22.57,4.91,16.12
18059,10473,10.93,28.67,14.11,11.12,16.91
18074,11783,11.11,29.49,12.41,5.72,37.64
18082,20589,3.82,10.41,38.96,2.23,21.75
18100,9946,10.37,29.89,7.25,6.82,22.62
18150,11901,5.32,19.47,11.63,5.53,23.96
18167,12955,13.85,25.81,19.9,6.32,66.53
18168,10722,11.83,29.57,16.26,7.35,130.21
18170,11934,15.61,29.38,15.35,7.84,140.3
18177,18770,6.17,18.86,20.15,4.48,21.44
18177,11742,13.94,30,14.25,05.06,45.11
18196,51795,1.85,6.27,59.34,3.31,21.66
18219,33510,0.7,4.11,55.06,1.87,174.11
18230,12984,8.55,22.35,19.22,6.24,5.67
18245,13106,10.99,21.56,12.43,07.06,10.81
18261,20404,8.68,20.14,31.88,2.65,43.08
18262,17752,12.36,29.89,14.99,4.55,52.45
18296,12371,13.48,28.37,19.3,8.32,248.47
18309,16040,1.8,6.27,31.9,03.09,3.61
18310,11516,13.22,24.27,14.05,9.37,11.08
18334,14458,8.25,24.14,11.26,6.57,185.23
18372,9562,18.65,43.93,8.74,16.36,772.25
18374,16207,2.55,10.47,20.33,2.93,46.49
18387,9185,16.36,35.35,15.25,9.51,73.19
18400,9511,15.22,32.97,12.63,6.41,20.32
18403,14833,10.97,27.16,12.52,7.55,77.11
18405,13377,8.57,27.33,12.81,8.95,326.35
18419,13797,10.23,24.39,27.48,3.54,189.4
18458,10198,08.08,20.46,41.21,6.7,111.46
18482,14557,1.84,6.14,29.1,02.07,4.69
18519,10204,3.54,7.68,48.53,06.09,5.15
18530,22035,3.28,9.89,32.68,5,26.63
18540,10444,20.78,39.87,11.26,07.01,9.29
18548,22514,3.26,11.44,38.03,2.32,24.32
18549,13469,14.05,28.82,18.19,4.82,26.4
18601,10704,17.8,38.36,18.49,8.66,394.35
18604,11428,8.31,23.57,13.31,6.44,69.85
18609,15094,3.77,14.96,24.11,5.23,195.03
18624,12728,9.92,23.54,14.17,3.33,122.84
18630,52621,3.17,7.27,60.94,2.25,74.04
18659,13006,8.95,23.2,9.13,4.98,65.18
18666,13693,6.12,19.67,17.88,5.91,79.2
18692,13955,4.17,15.13,17.55,4.6,115.53
18697,17437,5.5,14.97,22.1,3.13,43.3
18734,14745,5.79,21.47,16.33,6.25,253
18749,13384,4.85,22.08,11.41,4.98,9.45
18794,11677,17.27,36.09,11.55,6.6,93.97
18811,14085,5.91,22.03,10.38,7.37,41.39
18820,19031,7.7,16.81,28.05,3.76,154.79
18820,14273,15.68,33.26,11.89,4.75,20.69
18827,11208,14.55,36.81,18.14,09.03,281.19
18828,12689,13.23,28.19,9.17,5.69,49.37
18853,8876,26.36,44.73,12.55,8.74,123.52
18859,13509,13.58,23.13,19.83,4.82,05.05
18867,15289,8.8,25.24,20.27,04.06,100.08
18871,9107,21.83,45.84,7.98,8.99,169.92
18893,15325,2.56,12.78,23.47,3.55,77.25
18899,18326,4.65,15.13,27.5,2.61,10.4
18906,10749,21.36,41.31,18.79,11.24,242.33
18910,13915,7.62,20.63,12.56,5.95,201.68
18911,13817,5.14,17.7,17.41,4.2,148.61
18923,9408,31.14,48.61,9.96,14.81,173.22
18942,10346,16.88,41.46,9.16,9.96,705.48
19025,15024,13,30.57,9.26,6.58,135.21
19027,13825,11.51,26.25,26.07,3.32,120.63
19027,19047,2.18,5.7,37.87,4.22,7.81
19033,17729,2.71,10.74,26.07,4.44,30.36
19033,12354,7.5,25.86,5.5,4.96,55.54
19050,14767,5.6,17.5,14.84,5.13,29.54
19082,11388,14.88,28.01,14.24,7.9,224.49
19154,10559,11.24,24.92,16.23,5.77,236.01
19163,15448,6.92,19.22,25.24,4.82,15.18
19195,11758,8.71,26.92,19.63,8.23,5.35
19208,13420,14.3,28.26,23.72,6.43,35.06
19211,16514,7.52,25.96,15.81,4.89,45.77
19212,11415,22.73,36.73,11.64,10.99,94.99
19220,12559,10.79,26.19,13.34,4.56,77.48
19231,17835,8.65,19.81,22.83,2.43,04.07
19278,20979,3.33,9.5,38.04,3.61,89.85
19279,13233,3.29,11.75,24.08,6.18,64.41
19373,18324,2.85,9.84,28.37,3.57,12.51
19378,38132,1.83,4.84,54.39,2.83,708.94
19380,17276,5.42,20.42,18.2,3.88,44.29
19381,11124,10.18,28.99,17.68,8.22,463.63
19382,16791,7.12,20.68,20,4.7,206.63
19386,13485,10.27,18.08,20.05,3.28,9.84
19438,21615,3.77,13.22,36.09,2.22,345.27
19460,15346,5.67,15,27.6,4.74,25.22
19460,10387,15.56,31.12,18.69,12.38,184.79
19478,12800,7.74,23.52,16.92,4.52,53.67
19483,22478,7.21,18.6,31,4.72,117.92
19489,7795,32.9,51.22,7.94,13.67,451.5
19505,41358,3.29,11.17,38.01,2.99,175.95
19512,23952,1.53,6.32,49.66,2.26,43.92
19513,15467,6.1,18.88,15.89,3.79,61.69
19530,17678,5.18,14.96,24.8,6.71,15.2
19536,16589,8.33,23.48,22.36,5.17,162.15
19564,20032,1.93,8.47,35.22,3.59,42.08
19572,21717,2.75,10.62,35.65,3.27,39.46
19587,12461,8.51,25,18.49,5.36,139.85
19631,18134,3.58,10.4,29.51,4.14,20.03
19661,14147,4.85,18.75,14.95,3.23,70.23
19661,14636,9.96,23.65,15.17,3.75,120.02
19749,25940,1.47,05.07,53.18,2.54,34.98
19757,41797,4.85,10.79,53.61,03.06,14.78
19772,10882,5.79,17.17,13.19,9.78,69.83
19781,18888,2.32,8.76,33.42,5.13,5
19788,8515,24.03,41.74,10.58,9.97,48.19
19800,10455,14.66,30.89,11.26,9.11,34.26
19801,10033,8.31,24.93,21.78,6.3,45.11
19807,19016,2.77,9.74,32.25,4.71,52.69
19810,39610,0.82,2.95,67.41,1.85,29.55
19821,25726,1.32,5.83,48.2,5.9,18.98
19833,12127,9.72,25.4,9.84,5.79,119.39
19848,24583,2.33,8.6,43.2,3.69,24.88
19859,10162,11.4,28.08,13.26,8.73,15.03
19872,15619,9.75,20.62,33.06,4.96,16.01
19899,12996,9.34,29.61,9.81,7.4,299
19926,18411,4.84,12.75,25.25,3.3,20.24
19949,21529,05.04,12.33,33.16,2.81,29.15
19952,34754,3.81,09.03,53.11,2.75,4.84
19959,12981,11.78,29.41,12.71,5.71,80.31
19971,30615,1.24,4.38,53.71,3.37,4.73
19974,26746,03.01,8.77,48.1,3.32,14.5
19976,15194,4.16,13.87,28.24,3.61,23.65
19997,37061,1.16,4.2,60.27,03.02,53.35
20009,13413,2.92,15.09,15.25,3.25,71.99
20027,9610,8.95,21.53,33.99,10.69,187.67
20030,12155,6.45,20.57,20.2,4.32,72.88
20051,11018,11.77,40.48,4.86,11.35,299.43
20075,12390,05.08,20.81,19.62,6.17,34.84
20075,21569,2.18,4.85,42.98,3.5,13.59
20079,12029,7.17,23.68,18.11,6.47,9.43
20084,17284,7.74,20.43,21.34,04.04,100.9
20098,16202,10.81,23.2,28.74,3.52,108.87
20121,7241,13.44,43.44,07.03,31.23,1393.57
20123,12389,10.19,23.09,23.16,5.45,88.61
20125,13207,16.03,32.05,14.28,9.36,34.24
20125,6335,40.75,53.35,9.2,13.89,58.93
20183,10268,23.45,41.17,9.4,6.18,296.38
20210,10782,10.55,25.74,16.64,13.48,57.99
20212,20128,3.21,11.27,31.72,4.78,14.41
20244,21005,4.81,15.89,26.83,4.45,33.05
20267,30615,1.85,5.96,54.85,3.64,4.76
20268,9204,2.5,9.36,12.97,5.41,51.18
20314,16966,7.33,22.6,19.69,7.62,227.29
20319,13552,9.27,21.12,15.91,4.9,151.62
20337,8016,24.62,42.28,8.77,11.51,177.91
20384,20380,2.98,9.55,31.41,2.13,14.47
20390,27539,1.6,7.13,44.15,3.61,39.23
20393,23814,13.64,24.95,26.37,5.86,28.65
20412,21764,6.32,15.9,24.29,3.19,128.74
20429,20564,5.42,13.81,29.98,3.25,28.35
20456,17778,10.09,23.77,19.95,5.12,23.83
20457,10370,9.18,25,17.15,8.29,880.79
20463,12053,12.88,27.39,11.57,07.09,14.43
20469,13110,3.87,14.69,23.02,4.24,106.66
20489,18046,7.28,19.05,18.65,4.53,132.77
20526,24583,3.35,9.61,40.97,4.36,23.8
20570,11194,13.25,36.72,9.8,10.81,237.6
20585,10796,14.23,34.17,9.59,8.55,174.01
20586,17341,5.57,17.8,18.27,4.54,15.07
20592,12393,10.6,27.62,20.05,5.75,496.36
20608,28286,4.44,11.13,43.58,3.47,33.93
20612,11490,7.75,30.5,09.03,7.34,47.91
20651,5720,44.85,58.71,8.91,19.01,59.07
20688,14103,12.04,26.61,22.32,6.41,186.12
20710,12382,19.04,33.06,10.72,6.33,44.05
20714,11991,12.54,31.33,12.33,8.97,14.98
20779,22747,3.45,11.43,39.72,4.61,9.48
20807,9717,19,43.05,13.75,7.69,271.33
20816,31438,0.77,3.24,60.32,3.24,28.18
20820,12671,10.14,34.58,9.23,7.71,42.23
20850,8043,39.05,63.37,3.54,11.49,490.9
20906,14343,5.77,16.48,26.51,3.88,18.96
20908,9566,15.97,37.31,16.48,9.18,200.58
20935,13430,5.67,15.49,19.5,4.96,27.5
20958,13663,7.7,20.6,14.81,4.6,39.28
20971,23105,2.6,7.23,41.98,2.91,43.21
20976,13790,5.85,18.64,25.03,5.34,55.68
20999,16577,5.73,17.41,21.03,4.44,21.97
21010,15785,6.63,22.42,16.18,6.34,74.12
21044,16520,11.62,28.39,17.11,6.38,643.73
21080,13000,5.3,19.13,23.11,8.8,904.71
21082,21790,2.35,7.79,40.27,2.44,32.06
21096,19323,2.49,8.76,44.72,3.76,215.73
21101,13989,8.84,24.3,15.86,4.64,109.07
21128,11919,8.49,28.16,11.06,07.01,60.38
21130,16881,4.24,15.89,23.59,5.11,27.64
21160,27093,4.57,12.02,41.42,3.75,55.27
21174,15042,2.59,14.01,22.48,7.93,40.09
21211,17509,3.3,10.12,22.91,4.96,4.61
21249,14088,4.65,17.09,21.74,6.22,8.85
21260,11234,11.4,27.12,20.76,6.58,29.74
21265,7915,3.9,9.9,57.15,8.54,47.01
21282,19655,3.4,11.38,29.77,3.64,31.75
21283,14119,13.36,30.97,18.97,5.86,88.81
21325,13209,14.27,25.61,16.29,5.38,40.43
21385,10490,23.93,42.63,11.21,7.93,80.49
21435,8672,3.54,13.46,12.17,6.5,33.51
21460,9773,15.21,35.87,7.28,9.73,422.84
21472,11889,8.72,24.83,10.19,9.13,215.51
21505,10822,13.37,33.1,10.88,7.26,123.28
21507,12301,9.68,27.58,12.52,05.06,51.91
21531,19373,1.41,07.03,32.79,6.62,8.73
21564,14331,4.92,20.93,14.1,4.15,8.88
21603,9905,3.23,12.18,19.21,7.66,130.59
21605,16409,8.65,24.37,20.43,7.34,9.29
21652,25448,5.33,12.26,47.87,3.45,241.15
21700,10264,19.87,37.63,13.92,8,87.93
21732,11906,11.76,27.29,17.94,7.18,49.32
21744,11852,17.77,30.36,24.39,6.58,29.14
21755,15379,6.19,19.16,20.49,5.11,40.57
21756,12215,9.9,25.4,17.08,9.15,80.19
21761,15284,20.61,38.15,20.04,5.78,56.92
21816,19716,2.92,9.57,36.34,2.24,33.08
21822,14596,06.01,21.32,11.71,4.86,45.03
21847,14677,4.37,13.22,38.29,3.37,61.34
21853,15941,4.78,11.91,25.42,4.28,65.62
21877,7597,38.98,48.47,12.46,17.59,54.56
21884,13120,07.05,18.15,17.47,5.55,47.36
21907,11811,12.26,24.27,15.19,4.37,22.77
21910,10378,10.56,24.61,17.31,7.72,71.3
21923,12529,10.68,30.4,13.88,10.65,147.35
21947,14214,14.9,31.17,18.78,4.77,99.85
21951,12486,5.73,27.56,10.13,6.64,113.76
21976,17330,06.03,20.92,17.93,5.12,4.35
21977,12035,7.28,16.82,30.09,7.2,13.44
22023,28347,2.67,5.48,56.03,2.63,09.07
22090,22823,3.54,11.63,31.93,2.31,22.61
22095,18228,3.51,12.24,30.74,5.23,7.7
22097,11006,11.69,28.82,15.98,8.37,35.27
22113,14070,2.61,10.07,21.46,4.49,18.54
22117,12553,9.38,24.21,16.81,5.42,121.17
22122,12043,15.26,30.1,19.49,6.91,329.04
22124,13944,12.65,26.07,11.35,6.7,18.56
22125,11362,12.58,30.84,13.29,11.56,195.25
22141,14878,7.62,23.05,13.76,6.1,13.16
22156,19129,2.21,8.82,33.01,05.03,4.47
22191,14283,6.41,20.68,23.99,5.93,30.91
22205,12064,12.65,31.22,13.23,8.64,38.05
22207,18818,3.93,9.59,33.58,3.98,18.34
22242,25161,4.26,11.54,43.46,3.4,311.11
22247,21335,06.07,17.51,26.35,3.69,35.52
22259,34664,0.64,2.52,72.9,2.81,105.1
22282,10401,10.39,22.86,14.05,7.84,106.46
22286,13498,09.09,23.23,16.74,6.56,307.25
22353,21269,03.07,9.24,45.34,3.37,26.12
22355,15542,17.26,33.67,15.29,07.04,35.21
22408,20206,7.35,15.83,29.65,2.77,31.29
22430,14246,6.21,16.34,28.98,6.42,17.77
22477,15184,3.46,12.4,18.58,4.46,12.13
22519,12556,5.7,16.7,25.54,4.22,181.64
22539,21074,2.46,8.1,36.72,5.21,12.84
22580,8876,37.18,59.31,5.41,9.65,488.9
22591,20045,6.32,13.89,27.63,2.81,26.11
22608,16750,3.75,16.57,16.76,6.2,12.92
22631,9990,13.4,32.59,12.35,7.17,305.89
22633,22675,4.38,12.62,33.75,2.57,25.84
22676,10385,16.95,35.7,11.45,11.52,137.44
22686,12539,7.2,17.9,12.84,7.31,127.29
22754,12292,14.22,32.03,13.45,5.34,556.96
22762,7491,42.9,58.07,7.6,23.83,262.37
22776,18798,2.99,9.77,33.3,3.28,15.65
22779,14959,8.52,26.36,16.47,4.19,64.74
22792,22957,3.89,10.17,40.55,4.45,29
22814,20409,02.01,7.43,34.87,3.72,31.09
22817,5935,44.2,68.7,2.82,10.24,297.98
22869,21854,3.56,10.69,46.29,3.64,613.61
22897,12008,9.34,30.67,5.88,9.6,216.25
22902,13146,12.86,30.11,14.23,7.38,93.43
22906,8925,17.16,33.68,13.67,8.69,518.4
22911,10954,16.58,35.92,15.48,8.15,162.83
22922,17582,2.64,9.38,42.02,3.15,241.05
22935,14564,1.67,7.65,19.13,4.23,59.08
22965,26185,2.41,9.11,38.21,2.57,101.72
22987,20238,3.77,10.51,46.79,3.7,47.3
23071,12234,11.78,30.81,18.7,6.29,268.91
23079,12331,10.49,28.02,15.81,7.81,160.07
23087,12953,11.71,30.65,20.71,4.31,381.75
23095,14341,13.12,30.85,18.58,5.58,94.11
23101,11897,12.64,32.58,10.03,7.2,166
23123,20148,5.61,13.72,29.89,2.43,21.26
23138,14639,3.49,13.72,20.63,04.02,53.38
23146,11408,10.86,32.44,16.25,7.53,194.38
23163,14885,4.16,14.54,21.44,4.22,30.95
23170,40537,2.39,5.87,49.02,1.84,91.5
23219,15074,6,15.89,20.5,4.46,24.42
23221,17302,4.44,14.51,27.47,2.92,46.75
23229,17056,1.9,14.13,24.07,3.52,60.9
23252,25926,3.97,13.82,23.6,4.13,161.12
23260,17237,2.17,9.43,27.42,3.14,28.37
23285,9032,8.67,15.29,39.3,8.22,12.5
23302,15142,4.93,24.25,10.32,5.1,117.11
23304,9873,09.09,28.3,11.96,11.58,403.8
23330,16302,05.04,18.12,20.42,4.1,41.87
23451,9968,21.02,39.39,15.6,10.6,746.87
23478,9375,1.31,3.27,65.82,4.92,8.67
23500,19200,0.78,4.24,37.46,2.21,07.05
23501,34281,1.27,4.1,58.87,2.24,70.49
23622,12711,11.99,29.76,14.24,7.23,20.42
23644,12676,6.32,22.32,11.34,7.39,115.32
23648,24403,2.24,10.92,35.87,3.91,12.35
23674,11013,13.41,38.11,8.4,6.82,271.42
23682,9835,12.58,31.7,15.95,8.43,151.5
23696,15948,05.02,15.34,18.89,3.62,65.75
23706,11063,13.84,31.86,10.81,10.56,62.31
23748,15456,4.81,18.49,14.77,5.93,89.3
23755,8844,16.59,39.46,15.59,10.89,338.1
23756,14467,10.42,23.91,17.85,2.39,36.79
23782,19045,5.43,15.97,27.01,5.41,73.48
23788,15820,3.86,13.24,17.42,4.76,86.55
23799,10188,14.83,35.08,18.92,9.19,117.95
23875,13576,6.17,16.83,17.67,5.61,54.87
23916,13957,10.04,19.66,16.54,3.43,3.64
23928,11039,5.45,23.07,9.65,7.85,117.16
23928,19560,06.06,16.58,28.06,3.7,70.63
23930,14063,6.65,21.38,12.55,6.76,313.81
23936,26106,3.88,8.37,48.96,2.55,228.33
24079,9509,3.87,12.34,13.89,7.81,44.9
24093,12531,8.36,27.6,5.6,11.36,60.59
24124,13396,6.88,19.36,23.65,5.46,160.78
24127,25827,2.13,8.47,36.77,3.41,39.56
24137,14678,7.96,26.5,12.57,05.09,161.98
24146,20508,3.94,12.83,36.63,4.95,27.82
24152,34752,2.37,6.57,56.4,3.11,36.38
24160,13525,12.18,29.73,16.05,6.63,165.65
24174,18776,4.2,13.21,26.61,5.29,35.15
24250,17122,8.67,20.52,25.09,5.39,147.59
24288,16246,3.61,9.84,27.62,3.39,32.37
24309,13511,10.24,23.27,19.08,6.69,34.21
24363,14418,5.19,20.98,13.3,3.19,18.17
24410,45640,02.02,6.95,60.51,3.17,92.82
24414,14987,4.83,14.82,27.88,3.75,26.75
24426,12498,8.74,26.45,14.17,7.44,116.92
24437,20663,2.81,9.59,32.62,4.19,77.32
24453,15080,7.35,23.48,17.35,7.1,133.96
24458,18713,7.11,17.66,23.77,05.04,47.97
24461,12912,13.6,28.58,17.78,3.58,15.94
24512,17681,3.53,11,28.5,3.27,22.27
24529,24200,3.33,9.32,43.06,04.08,50.87
24544,15863,6.33,23.18,14.66,4.51,103.49
24559,24962,5.67,12.19,40.26,2.43,132.85
24587,20714,1.49,4.99,42.14,2.45,3.68
24603,11602,2.22,11.27,15.58,04.05,28.59
24631,14325,4.61,14.46,38.97,5.25,8.15
24638,15766,1.66,8.25,27.88,3.76,17.79
24656,14756,05.02,13.06,24.93,4.94,98.58
24664,10906,7.24,25.37,11.45,7.43,78.63
24692,12779,8.18,22.43,15.11,3.31,32.42
24692,9935,3.97,12.72,14.14,2.85,25.44
24699,10038,15.06,34.74,14.37,8.5,167.92
24710,21916,5.41,14.19,33.8,3.28,38.68
24720,26793,3.19,8.35,54.74,3.87,11.71
24725,14154,10.9,28.73,17.76,6.59,381.32
24727,25929,5.43,12.32,43.95,3.63,111.92
24730,11512,11.83,28.34,10.31,06.05,28.34
24800,11203,11.62,36.72,8.15,4.84,105.65
24825,19009,4.36,13.31,26.03,6.39,23.31
24832,15547,9.45,20.15,20.84,2.86,538.56
24846,10655,5.8,17.84,34.17,7.5,463.39
24848,14752,3.89,16.16,21.44,4.1,458.83
24850,25820,7.9,19.9,34.68,5.32,275.8
24854,15476,1.96,06.02,20.46,3.86,2.96
24927,11939,14.15,22.7,22.63,3.57,15.77
24967,14101,04.07,14.66,17.61,4.98,214.89
25001,15876,07.06,16.55,30.79,5.46,49.87
25042,15413,6.88,16.87,24.34,5.66,3.99
25058,22054,3.82,13.96,34.7,4.61,102.99
25062,11650,23.03,39.95,9.94,7.66,240.1
25067,22202,6.13,14.6,31.19,3.68,94.97
25083,28853,1.19,5.62,53.32,2.95,3.92
25084,12704,07.08,26.23,12.99,6.29,342.6
25086,12849,13.29,26.19,23.66,5.32,22.12
25098,25695,4.14,13.68,31.57,2.9,139.68
25158,10505,14.03,34.18,11.64,10.16,1143.81
25178,13424,7.79,19.15,17.76,4.46,35.93
25198,11346,9.44,28.86,6.22,14.01,270.35
25265,14134,5.74,20.22,13.87,3.68,103.18
25276,9338,20.21,35.79,20.38,10.29,61.09
25295,10490,19.2,38.47,15.41,8.17,393.41
25312,9954,18.64,40.9,10.62,8.83,144.1
25325,17383,8.59,22.83,17.78,5.36,235.58
25355,15980,10.52,23.28,23.37,6.78,7.57
25380,24956,1.33,4.96,51.3,2.27,9.47
25399,10756,11.45,23.05,22.56,6.14,7.73
25408,12887,6.62,22.55,15.06,7.48,11.31
25430,19233,05.01,14.92,24.91,4.49,18.72
25494,19183,6.97,14.67,28.42,3.58,41.15
25549,17781,5.59,19.43,16.23,5.8,70.22
25594,16508,8.64,22.94,16.22,8.24,56.53
25597,12181,20.39,42.35,16.2,8.82,224.71
25651,22246,9.52,19.99,28.27,3.46,85.67
25684,23204,04.02,11.06,42.74,3.53,15.38
25725,22444,2.43,7.96,43.13,4.52,56.61
25746,17930,5.71,17.56,20.39,6.35,111.47
25787,23605,5.16,12.38,44.47,03.01,86.78
25792,21881,04.08,10.22,40.03,3.5,33.49
25879,10533,6.27,14.84,44.17,08.03,48.86
25894,11639,8.9,21.71,16.05,5.39,47.22
25899,11778,09.05,26.06,16.25,7.65,425.92
25905,16424,3.63,15.58,13.18,5.38,18.78
25925,15557,3.63,11.2,26.55,5.12,66.98
25945,11828,15.24,33.72,11.83,8.42,44.95
25968,13100,10.65,22.88,22.66,5.14,72.87
25992,13748,10.98,30.16,11.64,6.41,258.77
26017,10301,11.58,30.55,13.97,9.12,49.91
26167,28161,2.43,8.38,35.77,2.43,85.06
26184,10866,18.33,37.36,16.96,7.46,449.74
26243,17786,4.34,12.08,22.99,3.13,93.14
26265,16367,5.78,17.31,18.67,2.65,6.54
26303,37776,01.07,4.3,59.59,2.87,31.75
26314,11603,12.3,32.86,8.83,10.04,116.34
26326,15273,7.27,21.69,17.46,4.61,604.65
26359,13776,7.5,20.03,21.89,4.86,22.88
26436,11338,5.8,15.83,17.01,3.5,270.79
26454,9989,18.45,42.12,11.45,11.79,553.43
26455,13851,5.4,16.66,23.51,6.89,50.87
26478,11247,8.91,21.07,16.25,9.18,84.26
26481,10457,11.45,23.73,27.35,07.02,72.73
26506,13440,5.18,17.28,14.88,05.04,136.54
26540,21972,2.13,5.88,39.25,1.71,86.6
26542,14281,10.71,33.24,13.49,5.1,25.57
26609,34160,3.61,9.13,52.54,2.55,14.81
26623,11371,13.84,32.98,17.94,11.53,517.78
26687,11652,3.51,10,40.39,4.79,21.86
26690,38465,2.78,4.88,63.69,1.67,10.98
26716,20944,5.17,14.18,32.08,4.36,10.73
26727,14963,22.72,39.87,11.49,6.34,71.48
26751,19920,3.3,10.14,30.71,4.75,10.38
26763,14011,05.09,21.06,17.33,4.76,207.9
26777,17313,7.57,17.46,22.6,5.81,68.89
26778,9504,11.21,37.81,9.44,13.05,147
26801,25031,4.69,11.75,33.48,2.8,82.77
26840,17074,6.71,15.08,19.94,3.27,17.44
26866,9757,22.93,44.42,8.52,7.11,1088.77
26989,16080,1.84,09.08,23.51,2.41,48.08
27018,24000,2.74,10.13,37.68,03.03,22.95
27025,12915,6.78,20.72,18.03,8.55,241.28
27099,19739,7.91,20.49,28.19,5.15,87.13
27099,16895,4.15,12.43,21.88,4.34,133.02
27134,10769,08.04,22.68,15.93,9.73,54.02
27195,13619,3.56,16.94,13.84,5.34,63.89
27244,15389,19.2,33.14,21.37,7.85,48.8
27256,11918,14.51,30.99,14.56,7.51,210.31
27257,15131,7.75,19.76,15.13,4.15,114.71
27291,22058,5.18,11.77,42.87,3.12,59.59
27310,17661,06.05,14.4,35.48,4.91,122.16
27331,13550,13.76,30.65,13.11,7.5,750.28
27334,11777,18.05,31.59,18.53,5.93,69.32
27341,11295,11.42,31.89,9.68,7.49,566.5
27347,13452,13.74,33.83,14.78,04.09,187.66
27357,33714,2.12,6.46,47.89,2.92,40.85
27437,11815,11.05,25.73,16.37,11,134.95
27537,15905,6.4,21.38,19.23,5.2,81.32
27557,27935,02.08,5.58,53.74,4.35,10.57
27591,11329,7.94,23.5,13.67,4.35,43.21
27596,11255,7.74,18.01,16.73,7.64,29.82
27603,22642,4.72,14.02,32.62,4.11,25.05
27610,11477,13.31,30.19,18.3,5.87,279.62
27617,12940,7.56,27.32,6.68,12.1,145.03
27623,10366,8.47,31.19,7.88,8.67,78.84
27630,14105,6.21,17.79,26.54,04.07,267.21
27652,15645,4.25,15.69,15.34,5.29,26.35
27702,16310,3.77,14.05,30.43,3.14,46.18
27725,16258,3.58,13.13,26.67,4.84,54.15
27817,19592,6.93,17.95,28.33,4.59,35.91
27850,6927,49.89,72.05,1.63,12.22,291.06
27901,26073,3.27,9.41,46.21,2.84,3.58
27910,14349,6.53,18.36,14.35,5.22,47.61
27925,9273,9.59,26.65,21.39,8.13,165.88
27957,18554,6.16,15.79,25.82,3.3,170.84
27973,15715,5.66,15.79,23.88,4.16,23.95
27974,25349,2.56,9.5,43.92,3.89,13.67
28028,34078,1.58,5.15,58.87,2.32,35.08
28040,30130,4.96,10.33,54.84,3.23,227.39
28061,40660,1.53,05.01,57.87,2.86,43.33
28082,12828,6.74,19.14,16.31,6.42,12.95
28132,17747,2.92,9.93,34.21,3.92,42.24
28134,8500,14.54,35.82,7.24,14.17,175.42
28148,16186,7.57,21.98,20.22,5.76,217.32
28150,20202,2.89,12.3,31.39,4.8,32.88
28158,13405,06.09,17.09,16.15,6.27,24.44
28176,28399,1.67,4.96,46.69,3.4,57.39
28199,16397,5.49,17.05,24.7,03.02,17.27
28227,16358,5.93,15.88,32.16,5.96,203.79
28259,10009,15.88,37.55,10.76,8.34,434.25
28301,15433,11.46,27.89,23.39,4.21,451.84
28334,9298,12.07,32.17,8.59,10.36,226.26
28335,16347,04.08,12.88,20.51,4.93,101.95
28434,11530,11.57,31.87,10.12,7.57,627.46
28540,12971,11.19,24.65,17.95,7.97,324.68
28564,12130,14.15,32.9,12.51,5.64,640.26
28583,12558,15.7,33.26,14.22,5.89,172.06
28653,6887,34.49,47.39,12.19,12.14,30.64
28658,16104,10.82,28.15,20.13,8.57,424.67
28695,13984,04.02,13.86,18.46,4.55,177.07
28700,18193,4.49,13.89,27.01,4.85,30.44
28703,28516,2.53,07.03,58.16,3.49,13.7
28716,16044,8.52,24.44,20.44,6.75,13.67
28743,8103,20.25,32.16,27.47,10.05,104.42
28808,22449,3.11,8.55,43.63,3.46,29.06
28835,9191,4.23,14.11,33.63,6.9,90.27
28844,14936,12.72,31.55,21.78,6.99,585.33
28870,30748,3.91,8.81,53.58,2.99,30.52
28880,19703,7.27,17.21,32.56,2.34,61.28
28887,14645,4.15,16.18,14.1,5.37,172.56
28898,11510,13.93,33.68,8.86,9.27,337.15
28974,30718,2.13,06.04,58.73,3.48,3.33
29034,11723,8.37,22.87,17.91,8.53,67.59
29038,17166,10.72,25.34,22.52,5.4,20.03
29040,12229,7.54,20.34,16.28,4,41.45
29060,13057,08.02,25.54,9.32,6.17,41.51
29092,17898,2.36,8.46,40.16,2.55,48.59
29101,10337,5.7,17.14,12.18,6.17,160.23
29105,18749,4.83,12.47,35.13,4.28,98.44
29115,10230,16.05,33.58,13.44,7.58,99.11
29151,26327,2.98,8.78,52.49,04.05,22.67
29188,14665,03.06,9.23,29.04,4.24,24.59
29202,19526,03.09,10.57,35.12,03.09,40.14
29208,19668,8.71,20.02,24.89,3.44,10.26
29281,8883,28.35,47.5,8.91,17,404.33
29344,16946,2.8,09.09,30.13,04.01,154.95
29387,13514,5.78,19.75,19.03,4.95,163.99
29462,11444,06.01,18.95,12.44,6.9,80.37
29541,9213,4.78,13.3,50.16,4.9,198.71
29563,9666,22.88,39.22,12.49,12.79,153.42
29603,16990,3.83,13.71,24.97,5.47,23.4
29696,11031,20.22,41.29,7.73,5.85,179.47
29721,18875,4.72,15.77,26.17,4.21,74.45
29764,11620,8.92,28.83,9.53,8.71,82.5
29771,8690,13.23,33.29,7.96,17.3,1188.25
29802,17617,4.46,15.77,24.19,4.16,42.71
29809,10440,15.95,30.6,13.39,9.38,182.84
29813,12831,16.43,30.88,22.54,6.17,554.43
29841,18888,7.43,18.96,25.68,3.5,82.37
29885,7474,32.85,43.81,19.38,12.69,107.63
29911,18480,5.26,14.13,29.98,2.79,19.57
29925,12812,13.87,34.43,18.07,9.74,1308.52
29941,11837,13.03,29.94,13.68,3.56,35.12
30013,11566,4.7,15.5,18.17,6.6,173.81
30050,11931,08.03,23.89,13.36,5.62,267.84
30085,13331,14.2,30.39,12.98,6.24,174.75
30087,14016,7.98,24.15,17.48,5.37,92.5
30093,17163,4.51,15.28,21.81,6.41,51.62
30108,18931,3.14,9.74,41.75,1.97,23.18
30159,17932,3.66,10.8,32.3,03.09,37.04
30206,12527,13.67,31.05,18.83,6.37,164.31
30250,14789,5.6,17.66,20.9,2.94,19.3
30270,23248,2.69,10.1,37.11,2.55,32.27
30326,11973,17.74,36.57,17.51,7.38,295.2
30354,12265,18.61,33.81,17.07,5.58,67.16
30462,14544,6.56,19.15,22.16,6.17,240.37
30491,12803,13.83,29.64,14.18,8.43,412.68
30495,9790,19.02,37.41,12.55,8.38,247.56
30510,22176,2.73,9.54,42.39,4.73,15.81
30533,16029,5.82,17.7,21.18,3.8,12.88
30544,18093,3.23,12,29.36,4.11,92.8
30548,22418,6.64,18.7,30.35,3.76,41.47
30575,43394,3.64,7.67,55.91,02.08,22.81
30576,27946,1.1,3.44,53.93,03.01,29.65
30601,14914,4.62,15.17,18.13,3.91,132.45
30625,16691,9.51,21.84,17.02,5.21,6.46
30685,14083,08.03,23.94,21.88,4.5,174
30705,7522,34.33,47.24,11.12,13.78,11.1
30707,11607,10.3,23.15,28.68,4.6,50.59
30744,20868,2.28,9.76,31.01,3.28,87.55
30771,15485,9.21,26.23,9.53,06.09,114.25
30831,32708,1.69,7.37,60.99,3.94,312.89
30843,14665,4.33,13.78,18.34,8.62,233.87
30872,9478,11.46,27.22,26.03,7.18,123.64
30897,11283,13.25,29.01,11.94,09.04,111.28
30897,18622,4.66,15.42,27.15,3.94,102.18
30923,12764,6.79,14.97,22.12,04.03,35.53
30938,13190,9.98,31.07,7.85,08.07,57.26
30954,16459,4.4,14.64,20.28,4.17,79.7
30981,19158,5.7,15.33,34.13,3.92,217.68
30987,16416,5.13,16.6,19.88,4.41,27.15
30996,16950,11.11,32.08,14.08,7.32,574.96
31007,10952,9.36,30.64,8.19,8.98,111.36
31083,14566,9.2,25.57,14.17,5.7,3.21
31092,17013,6.42,21.26,16.48,5.48,65.95
31099,10422,30.14,46.41,10.66,10.99,396.87
31100,16107,6.25,16.88,21.91,4.6,147.48
31258,10638,10.52,31.67,11.91,8.96,55.31
31282,13216,1.96,15.77,20.38,3.27,85
31287,21734,6.11,16.13,32.71,03.08,128.85
31300,13053,8.32,22.23,20.97,6.4,29.94
31306,31265,1.15,4.27,48.33,2.41,12.85
31342,12610,7.74,23.51,8.91,5.5,62.34
31384,9898,23.25,40.47,13.52,13.9,217.03
31468,10374,6.35,15.13,29.17,5.3,28.39
31487,14241,15.88,31.55,16.18,7.82,118.38
31499,12908,7.26,22.09,13.05,7.53,114.31
31585,21950,2.42,7.6,35.36,3.2,182.42
31601,12929,09.07,24.86,19.23,7.19,220.96
31656,11931,9.24,29.84,17.54,8.24,308.43
31702,21503,1.23,5.25,41.83,2.84,16.04
31739,12491,7.85,28.3,8.5,5.9,143.15
31808,20060,3.15,11.68,29.27,04.07,100.45
31813,18471,5.57,16.95,26.63,6.16,2.99
31828,8740,23.72,42.88,9.88,13.03,144.68
31846,14257,6.28,24.96,7.12,5.9,70.51
31896,27986,3.37,9.73,35.78,3.82,104.1
31933,10276,8.14,27.68,13.08,9.51,150.44
31954,18174,4.75,11.47,39.85,2.23,203.59
31971,55463,3.6,10.57,46.95,3.8,843.97
31997,31758,8.23,15.14,42.2,4.77,161.33
32016,25048,7.75,16.25,36,4.41,40
32063,38932,0.75,04.05,56.35,2.36,212.23
32090,16569,10.16,29.18,20.36,6.12,39.27
32188,16010,5.33,16.66,21.1,3.69,34.95
32295,10550,8.95,16.52,27.91,5.69,11.98
32315,17085,2.96,9.66,34.73,05.05,13.76
32383,21814,2.53,9.77,37.68,5.31,32.76
32387,11115,9.43,29.16,11.94,5.81,403.01
32397,20246,04.09,14.84,26.72,3.42,131.2
32462,11461,14.8,35.62,13.23,6.68,429.43
32503,22161,1.94,7.2,51.18,4.22,160.37
32509,26007,4.8,10.96,41.3,2.64,45.78
32520,12286,12.71,25.55,14.48,5.79,9
32762,9394,2.94,9.64,36.83,6.84,13.55
32824,14131,7.82,26.14,12.42,5.18,65.32
32873,21407,4.6,12.59,30.99,3.31,146.36
32893,28087,0.61,2.78,53.52,2.28,16.49
32921,5561,44.56,58.41,8.43,16.97,182.48
32983,13449,3.11,9.86,23.83,5.47,30.29
32998,20752,2.44,10.47,33.88,3.9,20.57
33102,13866,5.3,18.02,12.9,4.92,88.99
33181,13418,5.83,16.49,24.45,5.78,62.44
33187,18358,6.94,19.83,32.79,5.37,567.46
33233,16106,6.61,20.48,16.29,5.68,14.61
33249,9878,18.79,39.19,8.39,9.11,193.51
33284,20382,8.19,16.24,41.43,4.59,47.46
33397,20020,17.29,30.22,39.71,6.16,241.53
33429,19262,3.54,12.25,26.51,2.48,28.8
33467,22290,4.4,11.64,35.9,3.39,14.76
33485,18593,04.04,11.41,34.55,3.56,32.95
33497,8433,16.97,42.18,7.21,10.58,601.66
33510,20993,6.43,17.01,28.67,5.54,166.9
33530,11982,9.49,25.01,13.9,7.32,94.79
33558,14298,9.11,22.94,12.13,7.28,60.05
33574,16621,3.47,13.94,22.37,5.45,175.39
33592,18245,3.28,9.69,28.66,2.54,11.04
33626,18362,3.8,11.01,37.21,3.13,52.76
33685,18360,2.63,10.15,35.7,4.62,74.82
33687,16407,12.83,27.5,15.67,5.1,29.6
33694,11210,8.95,28.85,10.61,10.79,160.91
33822,10868,9.71,30.88,9.43,7.88,269.01
33823,17603,3.29,10.34,33.23,3.78,23.29
33830,10278,5.48,11.9,50.05,6.77,55.32
33836,18624,3.72,12.43,23.41,6.7,63.12
33840,15502,3.26,11.08,33.14,6.69,91.63
33862,11269,13.76,30.81,12.8,08.01,54.2
33892,9090,20.68,42.26,6.61,14.24,444.03
33997,12302,5.72,20.14,18.37,7.17,102.75
34012,16721,5.5,18.44,18.91,3.89,80.79
34075,10365,9.68,30.32,9.41,10.98,106.44
34081,15724,6.76,22.16,15.23,07.05,151.34
34128,30388,1.42,4.29,59.18,1.87,60.7
34185,18102,7.82,20.69,25.55,3.82,108.15
34213,16899,10.73,28.98,17.2,5.16,175.41
34256,16411,6.18,17.59,31.62,4.6,50.23
34298,12114,4.32,11.5,31.37,05.08,14.68
34311,5820,17.48,46.29,5.15,17.87,1049.77
34365,7104,44.54,66.39,3.72,12.37,462.83
34378,12169,12.12,29.65,16.72,7.83,191.85
34402,12508,9.8,27.75,18,8.58,943.48
34438,12254,11.47,22.96,24.32,6.44,115.87
34439,12567,8.27,25.62,13.75,8.66,350.15
34507,11307,9.56,27.19,11.61,7.71,50.61
34544,11934,10.09,18.45,21.06,5.63,14.08
34590,9750,3.4,8.25,61.57,6.88,11.24
34598,18173,1.71,4.59,36.59,3.49,14.94
34738,14720,08.08,25.15,13.34,4.26,362.1
34874,15735,15.2,31.51,15.28,6.22,194.39
34882,12665,11.51,25.28,18.43,6.66,164.32
34986,18297,8.88,21.69,17,04.04,65.59
34989,12722,7.31,20.21,15.16,5.64,27.38
34997,15443,4.57,17.56,14.36,4.5,61.8
35184,24814,3.38,8.98,41.74,2.25,29.64
35303,25196,1.15,4.62,42.86,2.77,27.43
35308,20217,2.44,10.46,30.22,3.59,42.32
35309,19986,03.04,9.91,37.19,2.47,24.9
35317,13391,5.35,20.23,15.26,4.54,19.93
35406,22373,2.67,8.68,37.23,2.76,2.78
35418,20256,6.88,16.88,23.93,4.44,27.1
35445,11742,13.43,34.97,9.93,4.28,146.96
35481,15701,10.26,21.93,27.48,4.81,69.79
35573,11435,8.2,27.57,11.31,8.36,189.5
35701,14220,9.36,27.07,11.33,7.59,163.15
35710,15992,4.34,11.92,20.91,3.61,112.22
35748,17060,3.75,12.99,29.02,4.57,150.83
35761,15495,9.43,22.7,19.72,6.2,261.82
35800,20037,1.84,5.98,40.94,2.85,44.54
35943,18155,4.27,13.63,23.73,5.7,43.75
35976,14906,13.43,34.37,9.9,6.7,2.7
36006,15981,5.26,15.5,28.13,6.21,36.16
36048,20759,3.31,11.4,30.97,3.42,117.33
36094,12270,11.41,32.67,9.19,9.76,306.05
36118,24386,6,15.06,37.43,07.04,1401.09
36175,26150,4.46,10.6,37.44,2.31,10.91
36176,18764,2.96,7.74,39.77,3.34,80.13
36291,15774,2.84,15.27,19.78,5.61,91.52
36322,11781,13.67,31.74,12.92,6.96,54.89
36326,14861,3.62,12.46,21.82,5.31,41.3
36365,13825,16.96,32.08,20.35,6.41,81.89
36426,11854,13.57,29.79,22.56,6.99,80.94
36427,23718,1.4,5.47,47.44,2.42,4.98
36659,14399,1.6,8.4,30.51,3.62,15.83
36676,10747,4.35,10.45,44.3,6.22,39.74
36701,16308,13.14,31.78,12.16,6.69,244.88
36793,9244,30.07,48.01,9.2,9.83,363.15
36830,9961,18.35,43.15,11.26,12.39,658.88
36930,12028,16.94,36.9,18.39,8.28,470.48
36955,9060,23.05,49.37,7.46,9.23,435.97
37049,20217,10.14,25.57,25.74,5.79,180.68
37060,13169,14.49,24.61,17.42,3.99,23.01
37093,30531,2.94,7.79,46.21,2.42,10.61
37120,13733,14.87,29.14,21.79,6.15,429.62
37319,13854,13.67,38.7,6.95,7.32,13.01
37352,13345,6.13,15.84,18.6,05.03,17.75
37391,14844,12.91,28.15,16.42,7.15,160.55
37446,10410,09.08,28.48,10.77,11.02,187.57
37520,12712,7.93,18.34,19.27,04.09,102.36
37649,13384,8.98,21.56,14.22,7.34,115.04
37670,18553,3.42,13.45,22.81,3.35,52.89
37684,17968,5.34,15.97,26.1,5.76,54.23
37708,10436,11.28,31.06,15.97,6.21,278.05
37729,28940,4.26,13.03,49.32,5.41,182.78
37757,12472,10.45,21.78,14.08,05.06,27.74
37819,19347,4.43,11.52,42.21,4.97,25.13
37825,23867,4.46,12.63,40.92,4.72,75.96
37826,15453,5.59,16.08,26,3.43,74.78
37840,13569,9.64,26.98,10.44,7.73,340.55
37861,16721,7.87,21.37,21.13,5.3,176.03
37960,15993,3.53,13.58,21.01,4.3,252.7
37986,12017,15.95,41.66,9.55,9.63,1749.56
37991,28019,2.95,07.08,53.72,2.27,29.84
38091,16155,8.17,21.8,24.52,7.28,82.23
38125,12047,31.16,50.1,12.38,8.59,304.79
38142,11418,6.46,17.96,12.65,7.4,146.46
38145,15960,10.47,24.83,19.31,7.11,65.02
38149,16635,3.9,13.79,25.76,4.14,76.14
38195,18436,3.83,12.89,27.98,5.42,35.93
38372,14225,7.81,21.26,19.27,5.15,36.46
38386,10547,17.42,37.76,13.54,8.45,534.51
38518,19954,08.09,20.84,21.82,3.83,28.53
38686,14327,4.17,15.94,18.27,4.59,68.54
38705,10975,10.63,32,12.96,8.5,99.61
38719,16288,3.34,6.65,71.16,4.42,210.8
38736,17481,1.25,4.61,28.49,3.41,10.62
38793,21471,6.29,15.85,35.03,4.13,772.48
38901,10409,9.54,22.08,14.69,4.37,374.07
38936,10782,10.61,30,9.41,13.52,139.89
38961,18289,5.65,15.96,21.32,4.12,134.95
38975,13841,3.19,12.71,14.63,4.52,40.14
39103,25537,6.64,16.83,37.7,04.03,163.78
39127,13918,8.34,17.64,34.8,6.31,23.13
39162,18522,3.18,12.58,26.8,02.06,92.89
39253,22098,3.76,9.36,37.58,2.6,21.33
39311,23898,1.22,3,46.79,03.06,14.47
39498,14635,11.81,29.67,19.21,3.45,132.35
39729,16789,5.1,14.85,25.9,3.66,58.43
39757,12277,20.79,36.26,9.73,7.5,128.29
39788,21961,0.93,5.76,45.77,2.42,99.29
39802,13854,10.84,23.84,17.03,7.85,74.4
39806,11329,11.35,30.5,21.1,7.67,358.76
39983,22632,3.26,11,36.01,04.07,60.07
39990,15598,11.58,26.02,18.99,7.65,104.4
40052,21200,2.31,08.07,36.63,3.45,93.13
40079,10584,05.03,14.36,31.76,9.2,107.16
40087,17260,5.31,16.42,41.18,6.44,318.48
40091,30852,4.82,10.4,49.12,04.03,552.06
40148,15410,8.66,22.1,24.05,3.17,187.37
40153,14793,2.44,9.91,23.85,3.77,55.71
40181,19725,7.99,22.92,20.36,5.41,389.11
40213,10924,12.32,29.69,13.37,9.69,415
40263,29118,1.98,5.48,52.06,2.75,100.22
40283,8890,11.12,31.31,8.22,11.24,347.49
40318,11739,4.19,17.79,13.91,4.53,42
40452,16415,5.46,18.94,17.8,4.57,178.21
40641,11760,15.28,28.52,23.41,6.93,126.52
40663,13820,6.36,22.05,14.94,4.79,270.95
40674,11474,8.42,25.02,10.5,9.95,353.35
40709,10726,11.99,25.12,15.97,4.96,451.9
40773,12813,9.36,25.12,10.11,6.97,132.88
40775,11451,8.91,25.24,18.29,7.69,129.57
40822,18231,8.19,19.84,22.48,4.45,31.45
40822,11794,11.39,28.58,9.87,8.15,256.8
40949,17376,2.92,11.27,28.3,7.22,67.74
40961,11296,10.68,27.03,16.49,5.98,127.12
41036,10670,13.01,31.39,15.85,9.45,181.16
41042,17602,2.73,11.36,31.3,3.99,44.43
41100,23841,3.32,9.64,32.37,3.66,68.32
41194,12140,13.49,31.18,13.13,9.19,224.77
41259,18924,9.61,18.32,30.16,4.31,101.81
41333,11038,18.49,37.27,12.14,8.28,233.2
41643,11481,16.51,37.12,17.69,6.92,254.66
41659,36509,1.59,4.79,53.58,2.33,47.67
41688,16298,3.77,14.49,21.76,4.58,246.34
41711,11252,15.92,34,23.41,8.85,749.76
41832,13338,10.39,32.44,6.77,7.78,164.72
41856,9115,13.42,37.84,7.68,12.4,1360.92
41882,10013,11.14,26.04,27.04,9.73,159.78
41943,11495,10.29,22.13,20.58,5.4,417.46
41958,14760,3.79,11.01,34.88,5.68,78.99
41967,11351,28.9,49.75,8.23,10.91,440.05
42045,12783,10.43,28.38,16.73,07.05,577.38
42155,12767,5.99,17.5,19.77,7,49.09
42198,11936,16.05,30.39,17.05,8.77,145.94
42355,6125,48.23,73.66,1.72,13.37,501.82
42473,45504,1.82,4.35,58.49,02.08,45.83
42523,10772,16.03,38.49,10.7,8.36,398.51
42655,19147,3.38,12.49,26.62,4.48,122.18
42762,17814,10.54,22.74,26.44,4.43,63.36
42892,9434,2.91,13.65,15.91,3.67,3.91
42985,14897,7.15,25.43,12.26,5.29,118.32
43063,17479,4.44,15.07,26.08,3.53,48.69
43184,17170,4.55,13.63,24.35,3.86,60.62
43207,16259,5.42,17.52,16.37,5.35,309.8
43264,10293,17.48,37.55,9.81,7.63,405.73
43426,12734,7.65,26.22,10.85,4.17,131.13
43467,12142,14.51,34.09,23.43,6.9,696.01
43548,24467,4.17,11.99,40.94,3.86,39.67
43627,13331,8.56,28.27,13.69,05.01,269.69
43726,12531,6.65,19.26,14.83,5.57,82.17
43762,19847,1.76,07.02,34.29,3.53,50.34
43764,13468,6.66,19.49,21.41,4.32,41.05
43858,20595,1.37,5.1,48.76,2.41,64.67
43877,11997,19.97,43.81,9.12,9.35,66.72
43929,13107,5.12,15.78,25.72,4.75,23.41
44129,15808,7.22,18.66,28.25,5.33,307.81
44350,11171,9.16,25.67,15.43,5.86,31.71
44389,11680,8.71,27.16,11.32,7.99,112.68
44630,21449,4.32,11.49,41.89,4.47,23.77
44639,10367,20.83,42.8,17.41,9.64,471.17
44654,10830,14.59,30.72,15.1,6.51,64.2
44683,10222,7.18,22.27,10.76,7.94,104.83
44685,17430,4.2,13.08,23.96,4.99,105.1
44757,11921,2.4,7.93,49.01,5.52,59.49
44822,18012,7.18,24,14.2,5.82,119.47
44922,12983,10.5,23.03,27.24,5.97,168.17
44962,12619,9.51,25.97,13,8.22,77.53
44972,12206,9.47,20.99,33.72,6.63,685.29
45048,12967,11.31,27.3,17.19,7.29,271.59
45061,18722,8.61,22.13,25.36,5.57,209.9
45206,12329,11.64,31.65,16.1,6.22,895.45
45226,9081,18.51,38.54,15.58,12.45,148.31
45309,11812,8.47,24.18,17.76,6.61,80.2
45532,16723,6.55,21.62,17.59,04.01,50.46
45549,9535,9.19,30.73,8.39,12.83,464.45
45608,15882,4.26,15.79,22.32,7.16,22.68
45857,11517,4.85,13.08,32.75,7.14,78.11
45895,15912,3.28,13.58,22.02,4.38,77.86
45991,12992,10.3,28.57,12.78,7.84,139.51
46070,32301,1.75,5.29,52.65,3,36.21
46079,14643,4.64,19.86,14.95,7.89,126.3
46080,11385,4.83,16.93,22.16,06.09,33.37
46109,12914,11.05,26.22,20.37,6.66,167.71
46194,16668,9.6,26.93,16.36,5.26,386.45
46209,15269,2.1,05.02,63.78,5.43,45.34
46325,17093,8.75,25.73,16.07,4.79,243.89
46380,12606,7.24,19.98,15.05,7.63,182.16
46521,15316,5.28,15.27,25.52,3.72,95.96
46535,12360,13.22,26.75,21.17,5.1,145.55
46561,19072,3.29,9.7,33.52,2.86,48.31
46567,14742,10.75,28.56,18.88,8.65,837.31
46951,13791,5.93,18.27,17.94,07.01,72.83
47025,25131,5.87,14.66,35.8,3.91,32.4
47039,17002,09.07,20.82,20.91,5.31,43.52
47089,17047,5.84,15.72,31.61,4.6,89.68
47181,21292,9.78,25.41,21.52,7.2,368.69
47198,11347,2.31,4.86,54.14,4.29,10.69
47217,16747,4.56,19.32,20.5,4.66,84.21
47358,16717,3.22,14.04,22.32,3.86,29.83
47409,18662,1.33,04.04,39.17,3.43,26.07
47564,13686,10.56,23.51,14.35,7,380.52
47585,21518,03.08,8.28,31.81,2.92,59.13
47669,9429,27.22,49.9,6.93,9.88,703.25
47828,18573,4.47,16.32,22.16,4.3,88.09
47923,24080,2.64,7.71,45.56,2.64,73.16
48290,25441,4.69,11.12,36.39,3.63,188.58
48370,25221,1.53,5.75,43.15,3.65,25.36
48404,24230,5.82,11.04,38.35,4.77,163.64
48414,15744,18.23,35.46,18.21,7.69,159.08
48478,22137,5.33,14.32,33.68,3.11,30.12
48622,15426,6.67,21.94,19.21,7.56,62.11
48655,19285,5.2,16.76,19.89,5.15,18
48718,24330,7.88,19.69,37.48,05.02,169.08
48735,9183,26.89,40.73,14.8,9.65,114.91
48761,14374,10.58,25.96,20.54,5.68,162.61
48949,11268,13.33,32.56,17.12,6.9,449.66
48997,12593,13.64,33.07,16.67,5.66,384.05
49188,10887,14.08,31.37,18.4,11.25,252.87
49256,13339,10.77,16.58,26.39,4.41,5.68
49366,19065,4.53,11.27,38.46,2.26,122.72
49381,13071,13.8,28.92,25.88,6.58,57.27
49389,18574,09.02,22.22,21.25,4.97,153.58
49425,11902,7.24,14.24,29.28,05.08,27.78
49676,12740,11.53,24.6,13.24,5.25,43.33
49708,14953,5.32,20.82,19.01,5.55,363.52
49832,13613,18.52,33.25,12.08,8.8,125.23
49847,14601,10.13,26.64,16.47,5.88,1188.9
49848,20566,4.45,12.66,37.63,2.81,25.64
49938,19099,6.22,18.1,23.39,5.5,89.63
49998,13297,11.25,30.7,17.89,8.23,937.02
50008,13351,5.36,15.41,22.14,6.2,31.45
50024,18444,10.57,25.17,21.5,4.56,272.74
50323,13160,6.78,18.17,20.13,5.79,113.89
50380,14387,14.33,33.08,15.97,5.57,40.24
50418,11472,8.85,28.73,6.73,9.21,109.38
50452,16575,10.02,26.18,13.58,5.28,158.38
50553,24812,1.51,7,37.16,03.06,37.95
50618,14059,5.6,16.54,16.87,4.62,42.7
50627,11774,11.21,30.3,12.97,8.76,239.58
50677,11212,0.93,3.38,71.23,7.57,55.33
50686,17520,7.41,19.05,24.89,4.86,110.3
50689,18120,5.44,14,25.55,4.48,154.83
50889,21908,1.57,5.56,41.39,3.24,21.41
50961,16151,7.79,23.64,21,4.69,798.32
51003,10898,9.55,19.28,21.43,6.24,25.35
51206,14914,7.89,19.75,16.32,3.5,71.37
51266,16196,9.97,23.7,18.39,5.51,165.02
51288,18523,1.48,5.49,34.29,03.06,28.78
51412,13437,8.82,30.6,6.93,7.54,150.35
51418,15464,8.5,21.96,21.02,7.13,108.92
51464,22433,3.52,7.8,49.38,2.42,16.62
51555,14037,6.1,15.48,20.45,5.98,34.68
51618,18654,5.9,16.38,24.89,3.7,156.05
51638,9796,26.03,46.16,9.96,8.41,506.84
51874,14638,13.79,27.68,13.89,6.45,138.56
51881,10398,9.35,26.66,9.48,8.18,76.02
52133,14447,6.14,18.84,15.53,5.85,45.36
52141,11831,17.59,36.09,12.26,07.06,288.42
52179,13698,05.02,14.77,28.16,4.73,75.78
52267,12687,05.06,17.72,16.81,6.58,135.69
52303,19930,4.53,12.15,27.19,3.68,71.91
52315,17215,2.53,9.65,43.46,3.89,34.09
52376,11037,10.23,32.78,14.02,10.31,992.12
52422,25791,02.04,07.07,36.98,2.72,32.36
52434,19383,6.97,15.22,32.38,3.83,97.95
52456,9262,2.45,6.23,58.92,5.98,42.84
52721,11326,5.73,18.56,15.87,7.25,136.96
52931,16700,3.64,13.32,24.25,4.93,269.29
53008,12106,9.83,26.12,19.83,8.21,121.45
53056,11344,20.69,42.55,12.42,8.71,142.41
53170,20345,6.78,14.97,30.88,3.26,33.52
53223,18231,6.67,16.86,21.58,03.05,44.1
53240,18966,3.63,10.78,37.02,3.67,394.11
53310,17107,2.73,8.52,35.99,3.79,86.06
53367,14453,05.04,17.7,16.01,4.64,159.67
53418,26895,5.24,13.43,40.91,4.16,64.54
53540,12963,7.47,23.41,15.77,10.22,251.77
53549,11492,12.91,28.16,15.31,7.85,97.95
53589,13047,11.71,29.55,19.26,4.87,204.48
53672,21497,2.62,9.37,37.02,3.55,113.32
53691,20699,3.83,11.27,31.33,3.96,157.86
53762,14865,9.5,22.53,20.58,4.49,213.79
53797,15393,5.68,18.6,18.92,5.21,44.59
53884,15820,7.2,22.12,20.12,7.65,145.92
54021,15810,8.49,25.52,17.18,5.45,124.89
54052,18228,3.61,11.92,45.02,4.81,52.2
54063,18392,2.94,12.45,21.73,5.56,39.5
54249,8658,21.16,41.07,09.06,8.18,565.48
54516,31845,2.3,7.46,47.77,3.49,17.85
54523,12469,6.52,15.07,23.35,5.21,42.92
54718,29044,03.05,6.82,63.68,4.8,127.73
54732,12684,17,37.58,15.98,5.3,505.51
54780,12963,20.35,38.66,12.63,7.2,351.19
54827,11593,14.07,29.06,16.5,9.92,277.8
54844,12005,11.89,27.58,20.85,10.76,153.8
54909,10037,14.15,31.32,23.71,11.99,221.23
55002,11691,12.26,26.26,26.89,5.78,140.55
55006,11843,8.38,21.39,19.6,4.82,12.35
55076,12332,15.17,29.31,15.79,6.83,132.85
55180,11467,7.35,15.1,23.87,5.91,13.57
55530,12077,9.78,26.95,20.74,6.21,437.59
55551,10693,15,38.62,13.47,6.47,472.19
55900,32489,1.9,5.27,65.16,2.4,106.62
56065,7238,46.43,69.4,5.26,12.78,935.85
56177,14921,7.29,15.51,23.84,3.85,15.68
56216,10237,17.12,30.87,15.79,9.99,199.5
56381,15541,2.38,9.28,20.89,4.7,117.97
56475,18859,05.02,16.79,24.22,4.49,50.98
56741,19330,3.2,11.78,27.28,4.19,56.53
56788,15964,4.76,20.07,21.8,4.97,161
56958,14915,5.89,14.86,25.3,03.09,31.34
57140,9530,14.49,34.5,16.56,11.05,444.61
57287,16067,9.19,22.75,28.6,7.34,515.98
57407,16941,7.38,21,23.66,5.8,64.32
57483,10527,8.83,27.66,15.83,8.33,79.03
57546,12377,9.4,21.58,19.42,05.01,23.59
57878,16777,8.94,21.02,26.48,06.05,43.57
58012,11089,28.42,49.46,10.71,10.87,507.07
58041,11057,23.34,44.38,14.2,10.94,678.12
58043,13931,3.4,10.38,24.75,3.76,22.7
58282,14708,11.24,27.54,29.3,5.67,423.65
58362,11018,6.21,24.21,11.26,7.16,222.22
58441,46070,4.43,11.26,48.97,3.8,30.34
58724,9706,16.7,34.55,10,12.78,410.67
59070,12399,13.74,29.99,21.08,8.93,490.56
59177,10454,22.12,47.73,6.1,8.44,322.84
59459,12161,10.09,28.67,12,8.19,160.8
59479,15618,10.96,27.41,15.85,5.13,163.36
59564,12276,20.28,39.19,14.61,6.73,412.43
59646,13224,6.33,20.82,18.76,6.39,333.03
59682,12916,11.44,25.79,11.82,5.53,195.07
59718,16258,5.2,15.86,29,4.87,76.77
60110,26943,5.83,12.68,46.63,3.96,129.61
60167,26230,2.66,9.58,40.44,3.38,224.6
60394,17825,5.71,15.38,31.26,4.78,231.3
60536,11461,11.86,23.42,25.08,5.67,38
60569,26354,1.71,5.64,46.92,3.27,67.37
60569,18988,04.09,13.22,28.58,03.09,73.8
60633,10616,4.65,13.51,47.94,6.83,15.84
60640,16909,10.04,24.97,15.39,5.25,80.8
60738,13290,16.24,30.03,22.41,6.15,508.49
60838,16493,8.41,25.94,13.72,5.89,184.26
61018,12982,10.72,34.13,11.83,9.91,1508.01
61284,12118,18.87,34.29,10.7,7.78,267.12
61368,11108,12.14,33.44,9.9,7.94,377.31
61444,16159,11.39,29.95,16.61,5.88,167.75
61492,28307,3.65,11.56,34.86,3.29,121.6
61607,13079,9.4,24.92,22.99,5.56,217.14
61741,12390,10.03,26.96,17.49,5.39,514.42
61815,14304,8.95,27.66,11.97,5.88,571.62
61840,10904,11.7,32.33,9.75,10.83,342.68
61842,16219,7.97,19.24,19.18,4.78,67.44
61921,11901,8.81,26.4,16.46,7.89,531.76
61945,7260,35.64,59.08,3.91,12.46,1037.86
62195,15153,5.72,17.42,14.87,6.63,213.94
62632,12645,05.01,17.89,16.66,5.84,60.3
63126,21764,4.12,10.4,35.8,4.81,145.92
63221,13978,7.3,20.84,12.36,04.01,126.31
63374,19569,5.55,15.9,25.41,5.19,334.74
63535,9582,5.11,14.16,14.42,9.52,264.17
63850,12963,12.87,28.77,14.67,7.87,154.24
63891,13271,6.7,21.43,13.17,5.13,180.07
63909,10754,7.78,24.93,16.21,8.2,141.43
64358,14914,6.66,16.81,29.61,6.75,148.86
64407,14593,6.13,20.84,16.67,4.86,171.95
64942,16427,4.19,17.51,17.34,5.39,101.77
64989,20407,5,13.9,36.38,6.42,53.43
65410,18065,3.64,13.95,28.42,4.36,71.21
65452,16747,05.08,18.2,20.9,3.51,124.48
65566,12569,8.56,25.24,17.32,7.16,264.97
65585,19300,10.08,23.53,26.92,5.4,109.78
65674,14539,6.32,22.95,13.81,3.9,82.9
66049,12657,13.61,30.52,21.74,5.97,159.32
66072,20292,8.12,18.45,27.09,3.82,155.59
66270,12013,8.81,18.06,36.45,06.07,144.65
66462,13040,5.96,19.01,16.64,8.74,155.58
66467,12475,8.29,22.09,14.09,7.22,185.51
66473,16523,5.59,20.23,16.51,5.55,40.9
66643,45434,1.1,4.69,50.25,03.01,59.14
66692,21702,3.84,12.34,31.73,3.91,231.92
67153,15835,11.54,29.22,20.41,7.41,663.2
67460,22436,6.41,13.37,40.75,3.17,116.41
67561,9726,2.42,10.02,30.45,4.35,15.77
68183,21882,4.77,15.09,29.77,4.65,18.22
68223,17563,7.34,20.55,16.93,5.29,512.61
68235,13526,05.03,16.35,15.89,4.36,137.51
68586,20826,03.07,9.45,34.23,2.45,58.61
68637,10726,15.21,32.62,12.31,9.39,265.72
68784,15176,08.05,23.34,15.93,5.7,277.95
68842,14606,5.4,20.16,13.3,6.92,240.52
69101,12452,05.02,12.8,44.98,4.91,144.55
69330,8858,27.25,49.5,9.68,8.45,268.02
69348,24458,3.83,12.48,40.91,3.16,96.85
69496,13324,12.9,31.81,18.09,5.27,396
69512,8944,10.42,31.43,9.25,17.82,674.65
69961,13829,5.87,19,14.2,6.38,209.74
70207,9686,21.36,43.01,9.74,14.99,609.82
70218,10315,8.24,26.15,11.41,4.82,633.41
70311,12761,7.78,22.56,18.91,7.22,265.26
70487,10648,9.79,31.67,10.88,8.74,294.21
70576,13487,9.4,26.03,19.27,6.59,505.92
70580,11475,15.01,30.58,18.36,10.56,226.41
70745,16533,4.97,10.91,33.17,3.5,28.76
70811,12955,09.06,31.8,6.76,8.88,200.22
71166,9847,12.04,37.61,7.95,14.4,607.12
71245,10676,11.46,32.49,7.67,9.32,117.93
71349,13880,10.94,26.11,15.71,6.89,1182.19
71479,14490,5.15,17.65,16.86,4.9,89.9
71742,18950,12.35,27.14,20.43,4.71,96.79
72033,12884,8.85,22.51,21.33,6.98,339.48
72388,11862,8.65,26.81,10.16,8.12,424.12
72411,17382,9.75,26.27,18.38,6.34,814.31
72644,12865,16.58,38.37,13.06,7.98,170.76
72798,12994,9.81,26.71,16.74,5.61,82.21
72820,24160,1.38,6.33,39.1,2.9,37.99
72884,23249,3.54,11.07,39.89,3.19,35.23
73233,22346,4.87,10.82,57.99,4.28,299.77
73552,12376,9.96,30.7,14.65,11.76,1541.82
73557,17446,5.49,18.63,17.67,4.33,343.29
74111,13554,5.52,11.27,30.24,4.18,20.05
74625,15456,3,11.6,23.76,4.19,54.33
74840,21335,1.89,6.66,45.89,3.88,116.81
74991,14934,5.24,18.63,15.22,4.35,25.5
75058,12840,01.05,6.93,29.42,3.56,32.06
75450,13400,9.69,22.95,24.74,08.08,280.28
75460,22864,3.85,10.22,39.55,2.65,25.95
75491,14715,15.44,35.25,16.67,7.84,307.64
75494,11252,7.4,18.69,18.47,6.29,119.71
75636,12994,12.15,24.77,19.65,6.83,195.32
75695,12825,8.6,20.87,23.79,7.33,682
75728,21098,5.17,15.21,34.68,5.77,254.26
76060,15922,8.52,26.03,21.11,5.96,46.89
76095,15292,10.42,23.88,17.96,5.76,253.84
76210,15179,11.08,24.82,30.88,6.33,177.45
76371,17305,6.98,21.2,20.59,05.01,45.77
76459,19833,04.09,11.89,31.26,3.53,302.28
76836,13091,11.47,28.94,14.61,7.8,357.29
77010,13929,12.01,25.97,18.3,5.37,127.31
77211,13713,4.69,15.84,15.43,6.11,223.29
77671,17874,7.8,20.35,20.85,4.84,181.19
77759,11469,11.4,27.92,27.29,6.93,350.57
78118,15530,10.13,24.87,18.15,5.72,252.02
78122,10496,14,33.63,17.83,10.85,571.68
78331,23075,7.84,20.48,29.54,4.69,238.85
78380,11041,16.1,41.57,8.52,8.63,708.13
79443,18319,3.42,10.81,31.47,3.85,44.67
79662,18010,6.63,17.31,28.84,06.03,16.16
80071,13690,4.16,12.86,38.05,06.05,43.27
80277,11956,6.86,20.41,29.79,9.17,302.07
80352,12284,9.18,26.84,12.18,7.8,150.34
80414,14093,9.29,23.46,29.44,5.15,441.31
80505,12339,8.56,22.1,17.54,5.59,145.58
80561,10772,5.78,18.47,18.98,9.2,185.9
81177,15497,6.28,19.96,21.68,4.78,112.63
81245,13026,10.02,26.81,14.33,9.34,470.19
81805,11108,11.05,29.59,13.59,6.55,107.37
82106,13436,14.56,27.91,22.92,06.05,366.59
82169,19065,4.14,10.15,37.45,3.85,67.68
82585,28840,3.72,8.34,57.22,3.94,31.46
83312,17268,2.13,05.08,58.87,05.05,45.59
83816,29627,4.7,12.2,46.65,4.37,116.89
83995,13749,12.8,28.65,17.06,7.17,375.79
84021,9814,31,42.14,19.07,10.26,139.04
84161,10133,10.62,32.97,9.67,11.23,635.06
84236,11576,10.33,30.67,9.22,8.93,336.24
84298,11858,10.14,28.02,14.85,7.63,374.82
84474,11353,14.84,29.08,17.61,7.71,43.14
84724,15079,6.39,24.31,11.39,6.26,112.02
84770,11549,05.08,15.16,40.49,6.59,412.81
84985,17436,5.52,17.25,23.22,6.92,75.74
85351,23934,1.7,4.54,54.42,2.38,21.6
85427,16371,06.04,22.18,21.26,5.44,40.83
85486,22746,6.39,14.73,30.16,4.25,134.8
85493,12484,6.48,18.58,22.51,7.22,62.51
85571,18934,10.13,20.9,33.12,4.6,184.76
85866,16864,5.69,19.85,14.53,06.03,72.53
86284,8368,36.2,59.05,5.25,10.81,637.66
86335,20032,2.51,8.76,31.69,3.28,75.59
86835,8408,2.4,10.15,34.54,5.85,19.89
86874,23816,1.84,5.82,45.65,03.03,86.42
86905,29134,5.51,12.51,43.39,4.81,818.44
87425,14630,9.43,23.31,22.15,9.43,1105.38
87492,7276,20.02,50.33,6.44,16.3,1985.69
87535,11585,10.59,28.02,9.44,7.37,415.32
87758,13439,3.6,8.55,42.71,5.64,25.64
88675,11018,16.44,41.82,10.53,10.86,844.73
88680,20961,5.5,15.51,33.82,4.46,89.83
88693,13518,6.71,21.49,14.45,07.07,260.94
89235,15642,03.07,11.62,25.05,5.17,49.07
89286,16852,10.57,24.11,21.71,6.24,215.77
89443,16201,9.41,21.7,28.99,6.24,92.88
89699,11588,14.32,30.51,13.64,7.55,151.22
90454,7842,25.38,48.77,6.16,14.33,999.36
90533,14720,5.78,14.24,26.2,4.54,66.45
91444,16696,8.96,23.71,16.32,5.43,317.76
92311,14744,9.7,21.19,24.21,5.43,174.59
92639,16504,16.88,34.51,21.2,8.9,812.86
92703,10966,33.08,53.3,8.43,9.93,62.28
92788,13455,7.74,25.62,12.94,9.22,373.2
93086,18213,9.23,22.57,19.84,4.85,111.35
93613,19676,6.55,16.45,30.77,4.43,87.33
93643,18897,8.38,20.32,22.92,5.12,208.65
94279,11713,16.22,35.34,9.92,6.64,388.15
94440,12925,12.13,24.79,27.26,8.73,238.05
95333,12557,7.16,21.19,20.14,6.51,297.71
95706,8544,10.61,34.39,8.3,15.6,836.42
95802,19879,07.09,15.65,54.17,5.15,269.58
96086,15862,6.57,19.41,20.2,4.96,265.85
96357,18750,7.4,16.52,27.26,4.17,186.01
96397,12513,13.56,32.03,15.65,5.47,222.3
96466,12969,09.08,19.15,16.66,5.42,44.43
97291,14842,5.84,19.72,16.2,6.94,219.56
98052,12210,9.23,23.98,31.66,5.87,637.58
98640,10168,12.19,26.79,13.77,9.28,160.24
98784,16726,6.23,19.78,20.36,4.8,209.15
98962,6284,40.23,54.51,12.21,15.3,244.29
99405,13574,7.94,16.75,22.72,3,39.86
99567,15111,11.74,25.06,19.57,07.07,142.65
99581,13335,13.42,28.76,18.61,06.05,284.93
99922,10923,31.05,50.34,9.72,12.16,343.71
100217,18630,3.42,13.34,21.12,4.11,50.24
100850,19145,4.73,15.33,23.79,4.5,81.21
101082,13742,8.95,22.28,29.51,06.09,459.68
101409,17239,4.49,14,21.06,4.87,186.35
101484,14115,5.36,18.76,18.31,4.74,118.34
102724,18720,4.11,9.68,58.67,5.62,812.3
103439,12701,16.6,34.21,15.51,10.68,312.7
103590,10195,13.01,31.62,17.02,8.39,419.89
103907,11158,12.62,33.36,11.62,7.33,713.84
104352,23682,3.3,10.22,34.95,3.95,58.28
105090,12822,11.62,30.56,15.27,6.26,307.07
105511,11949,9.19,28.02,18.46,7.82,432.92
106209,8056,31.87,55.72,06.01,9.4,594.18
106612,11502,15.65,36.08,15.32,8.38,344.55
107786,12641,6.8,18.46,21.69,6.4,177.07
108056,27092,7.21,18.81,35.13,05.08,251.87
108635,14647,9.94,22.05,18.25,6.23,183.86
108718,10715,8.74,27.67,13.99,8.85,392.35
108777,11351,23.31,37.7,13.02,10.81,465.05
108961,14209,15.26,33.18,14.11,7.77,278.2
109199,14271,6.8,19.04,19.2,6.55,534.61
109592,17786,2.22,06.08,64.22,3.81,117.89
109602,11899,17.16,34,14.93,10,1201.21
110002,12112,20.43,41.52,11.46,9.91,821.72
110330,25332,1.39,4.88,52.85,3.32,45.94
110642,21073,3.76,12.06,25.87,3.51,105.39
110658,19064,8.11,18.34,25.58,4.57,199.37
111183,25509,6,13.09,48.55,3.5,329.78
111348,17566,3.65,11.93,26.14,4.58,186.75
111498,15048,9.23,23.75,16.99,6.11,343.46
112301,13208,6.88,21.65,13.74,5.46,121.62
112669,13886,3.96,11.44,34.88,6.42,138.07
113313,17259,4.94,14.3,26.88,4.62,167.59
114144,19098,7.99,17.28,29.83,4.66,221.37
114323,12751,9.87,24.84,19.72,7.84,582.83
116646,8994,11.68,35.24,8.81,16.6,810.28
117229,22309,4.68,12.91,37.06,3.96,88.2
117810,17084,7.18,19.34,18.53,05.05,35.78
118779,13474,5.78,18.18,14.29,7.31,373.54
119363,12402,12.51,30.24,10.89,7.38,145.76
121697,16303,8.59,27.12,15.71,06.05,374.31
122700,12205,6.92,22.07,18.3,8.43,251.13
122899,6981,36.26,51.16,11.63,11.24,106.72
124773,13247,5.59,14.48,40.72,5.56,581.91
126272,12564,11.05,27.61,14.56,7.12,115.62
126481,16726,03.03,11.82,29.63,4.78,134.71
128398,14522,7.47,18.79,18.79,6.82,303.48
128713,21820,2.4,6.78,46.58,2.88,56.12
130069,23482,2.69,9.18,34.51,4.4,83.02
130474,12968,11.86,28.97,26.7,9.25,1035.08
131591,19588,11.37,22.48,36.26,6.3,618.49
131723,10728,21.66,40.4,13.13,09.08,688.14
133107,22095,3.85,12.38,31.23,3.95,309.54
133179,12120,14.44,31.47,10.98,7.32,473.79
133793,13099,6.84,20.31,19.07,5.87,233.28
133850,16091,5.49,18.06,22.41,5.5,283.66
135163,14102,9.55,24.31,17.65,06.08,305.99
136611,14498,8.72,21.54,35.4,4.72,580.92
137560,10978,11.35,29.91,16.56,7.77,579.07
139426,14109,8.89,25.24,18.72,6.11,542.39
139739,11081,18,40.56,14.44,10.73,1000.84
140494,11878,8.76,23.03,20.66,5.72,90.05
140761,10415,8.86,30.71,10.31,18.29,747.84
140891,10518,22.45,45.12,8.71,11.04,783.41
141686,13156,17.99,38.91,12.28,10.62,1172.43
141865,15530,3.32,10.08,36.75,5.19,163.37
142216,12096,23.66,38.66,13.01,6.71,316.52
143050,13976,11.29,25.6,16.14,6.21,289.17
148134,13524,6.74,17.42,17.7,5.99,181.82
149377,19814,9.15,25.83,21.85,6.68,768.17
151976,13817,7.95,22.89,16.9,4.23,179.28
152466,12332,12.71,31.04,18.24,6.9,458.48
155037,16424,7.43,19.29,26.19,5.24,110.1
156983,11584,11.76,30.39,15.05,9.34,450.73
157615,12744,8.61,24.28,17.77,6.76,123.7
159789,16204,6.44,17.99,33.33,5.51,198
159936,13482,4.69,16.96,30.44,5.58,283.33
160728,11838,16.42,37.24,21.63,9.18,424.55
163860,11351,11.07,28.84,21.98,8.17,351.5
164164,10865,12.54,31.91,12.71,10.69,848.7
164693,13879,7.62,21.9,22.59,4.56,616.2
164730,13572,10.05,25.21,15.82,8.9,200.85
165121,12108,12.59,29.21,21.73,7.11,346.59
169759,13393,10.96,27.09,21.05,8.27,377.65
170045,12711,6.89,20.66,18.44,5.93,39.24
173072,12726,7.5,22.88,15.74,6.15,298.4
173339,20101,4.42,13.4,29.93,4.19,73.17
174820,14183,08.09,22.23,19.65,7.1,295.8
175795,15307,6.11,18.05,30.34,5.26,628.25
176664,12272,6.74,20.74,15.78,7.19,545.48
177196,12375,5.74,16.79,21.03,8.12,180.65
179278,11949,11.26,28.48,16.61,7.16,236.96
180038,17966,11.54,22.83,28.55,6.95,197.91
180650,15056,6.37,17.45,24.32,4.9,148.07
182044,9946,10.74,31.66,12.29,10.39,822.52
183521,15644,7.63,20.79,29.94,4.52,396.22
186206,12322,11.4,24.43,25.96,6.56,142.33
187106,12755,8.69,24.25,24.61,7,285.21
188082,17484,11.2,26.45,21.91,6.48,465.18
189126,12070,8.4,23.55,20.85,7.35,433
191262,15143,3.84,9.38,41.98,3.52,161.1
193187,13710,5.59,18.98,18.9,4.95,138.63
196278,12509,9,25.16,21.42,9.13,575.34
196637,12216,09.01,24.97,26.91,8.79,771.31
198525,11663,10.01,25.92,19.61,11.45,423.1
203056,13993,12.2,31.91,24.24,6.43,776.83
207951,16896,4.77,13.44,40.56,3.97,330.02
210943,11331,17.72,33.37,15.01,10.28,694.52
219531,12398,8.8,23.24,28.34,9.35,814.75
222103,15255,2.53,9.7,26.3,4.71,300.07
223019,12015,8.14,27.15,14.85,09.01,376.91
226338,19620,2.81,9.61,26.85,6.46,224.06
226505,14235,8.84,22.23,19.32,6.91,529.94
228537,13060,14.08,34.32,21.43,10.83,1100.38
231636,11704,11.03,31.21,18.99,8.8,709.86
257453,11755,14.99,29.13,17.82,8.27,181.39
258295,14737,6.86,23.7,13.37,6.57,497.88
261229,11643,8.78,27.31,16.82,6.1,585.59
261721,16239,3.71,12.19,29.99,4.99,242.88
265968,10127,10.65,30.7,16.15,9.24,630.15
266406,15746,12,24.59,18.76,5.56,320.58
269063,11527,12.85,32.81,17.23,8.24,510.93
275221,9424,21.97,48.79,8.55,14.71,2264.13
280015,13277,11.47,29.37,18.7,6.54,1022.83
280039,17622,7.33,18.13,23.85,4.43,138.84
286215,13975,3.73,12.38,26.69,6.73,127.78
288091,13506,4.97,15.21,20.99,5.11,126.29
293742,10019,33.07,50.28,10.59,8.52,645.25
304011,14516,5.75,18.13,22.73,5.8,423.15
328123,10445,12.42,32.71,16.05,11.58,927.67
332943,11894,8.57,26.84,14.06,9.92,492.02
354202,11528,15.86,30.99,19.09,8.52,741.06
358548,9799,30.89,52.37,12.79,11.02,1869.98
364040,12547,10.23,30.39,22.17,7.84,646.84
367302,15434,05.03,17.74,25.82,06.09,303.06
368383,14830,6.54,17.42,30.3,6.67,888.43
369365,14087,10.13,23.06,23.49,7.6,614.62
369879,12580,09.03,27.55,20.12,09.07,784.71
372242,14676,11.96,25.61,27.18,9.38,1209.17
384736,14013,5.9,16.09,28.43,6.32,369.78
393069,15242,03.06,12.03,25.5,3.86,144.74
394017,15279,10.96,30.13,26.65,9.13,1495.04
395934,16793,06.02,19.02,28.35,4.16,593.04
405390,11184,9.36,21.39,20.71,8.12,198.68
429433,15639,11.53,24.49,23.22,6.54,852.46
435146,13799,6.95,21.2,22.05,7.23,873.3
437319,14478,5.62,17.1,25.95,6.16,502.59
444719,13528,07.06,21.78,21.57,07.06,369.77
447619,13162,12.39,28.38,21.47,7.43,597.41
465622,14295,7.84,17.67,34.4,6.32,309.75
467610,15590,7.68,20.8,29.05,6.77,368.3
496938,11372,13.24,31.86,22.44,12.41,1053.46
505616,9258,12.53,41.24,08.06,14,867.95
515342,9603,22.23,34.67,16.2,9.85,264.48
516259,18308,5.17,13.57,37.9,4.88,502.57
574283,15581,10.34,24.3,30,8.32,741.04
606900,18881,9.56,26.85,33.31,07.03,1282.85
610337,11682,10.89,29.57,17.48,8.71,866.91
628088,11106,9.81,28.5,14.83,8.88,646.14
632270,13143,5.66,21.31,24.57,5.91,608.55
672971,13857,7.26,23.13,18.39,5.2,530.66
723959,19695,11.33,21.98,35.04,6.2,1144.95
736014,11994,14.81,39.35,15.47,9.16,1737.69
741952,14605,6.95,23.46,21.87,5.58,548.17
782248,16905,10.84,22.84,25.33,5.54,144.13
935933,10884,17.05,30.87,17.84,8.92,297.93
983403,14096,8.79,21.28,19.94,6.64,316.57
1006877,16300,12.32,26.55,27.12,7.43,712.03
1027974,9443,12.02,37.85,9.61,19.67,1362.78
1110549,16401,8.15,17.74,29.77,5.72,401.72
1585577,12091,11.29,35.69,15.22,9.62,753.74
2783726,12899,15.27,33.95,19.45,11.32,1279.69
3485398,16188,18.4,33,22.96,8.34,1108.27
7322564,16281,14.1,31.68,22.98,8.98,1174.95